image,identity,score,emotion,emotion_score
track_971_sample_3_sec_3921_face0.jpg,ming,0.13149899876339732,angry,50.294647
track_1056_sample_1_sec_4198_face1.jpg,ming,0.35164256390621307,angry,62.380306
track_2_sample_2_sec_22_face0.jpg,ming,0.6708333026715243,sad,62.863533
track_9_sample_2_sec_51_face0.jpg,ming,0.1310382868214771,sad,99.95513
track_512_sample_1_sec_1976_face0.jpg,ming,0.12433617922731588,sad,100.0
track_1057_sample_3_sec_4216_face1.jpg,ming,0.1418883089255113,sad,62.79465
track_435_sample_2_sec_1422_face0.jpg,ming,0.28874528631807905,neutral,99.88268
track_144_sample_1_sec_481_face0.jpg,ming,0.13801380760767767,neutral,99.902534
track_481_sample_2_sec_1853_face0.jpg,xiao,0.26380865247424434,neutral,98.58963
track_419_sample_1_sec_1342_face0.jpg,ming,0.13363129465453305,angry,76.19107
track_634_sample_2_sec_2775_face0.jpg,ming,0.1489923664809838,sad,51.06995
track_406_sample_1_sec_1303_face0.jpg,ming,0.12937565495598102,neutral,59.031937
track_647_sample_3_sec_2876_face1.jpg,ming,0.14419148668446913,sad,98.59157
track_1069_sample_1_sec_4198_face0.jpg,xiao,0.5752621746714683,sad,98.08819
track_1068_sample_3_sec_4216_face0.jpg,none,,neutral,84.973564
track_1073_sample_2_sec_4208_face0.jpg,ming,0.14008299985642403,sad,76.15506
track_215_sample_2_sec_659_face0.jpg,ming,0.14600165459775793,neutral,99.136
track_647_sample_2_sec_2873_face0.jpg,none,,neutral,98.78467
track_456_sample_2_sec_1733_face0.jpg,xiao,0.6772407538684754,angry,46.49712
track_1023_sample_1_sec_4062_face0.jpg,ming,0.1381600332969548,sad,99.999825
track_146_sample_2_sec_491_face1.jpg,ming,0.14008098193268037,sad,76.521736
track_211_sample_1_sec_535_face0.jpg,none,,sad,99.97075
track_1068_sample_2_sec_4207_face1.jpg,none,,surprise,61.31571
track_702_sample_3_sec_3175_face0.jpg,ming,0.1463841314644353,fear,67.475365
track_154_sample_2_sec_487_face2.jpg,ming,0.12679679663375287,happy,91.83836
track_94_sample_1_sec_406_face0.jpg,xiao,0.6164648237325694,neutral,42.99072
track_585_sample_2_sec_2347_face0.jpg,none,,fear,71.362
track_719_sample_1_sec_3210_face0.jpg,ming,0.13864548636120466,fear,60.728428
track_62_sample_2_sec_226_face0.jpg,xiao,0.30816475607291693,neutral,97.07569
track_1032_sample_1_sec_4118_face0.jpg,ming,0.5967491581317045,sad,55.452694
track_1057_sample_2_sec_4207_face0.jpg,xiao,0.6729597274433736,angry,65.49598
track_580_sample_2_sec_2324_face0.jpg,ming,0.12136221402072811,sad,88.772354
track_81_sample_2_sec_377_face1.jpg,ming,0.11850605435399719,sad,99.86894
track_1067_sample_3_sec_4216_face4.jpg,ming,0.2817217866942707,neutral,99.987274
track_653_sample_2_sec_2910_face0.jpg,xiao,0.5869627103894813,neutral,94.04543
track_461_sample_3_sec_1734_face0.jpg,xiao,0.672453375541245,neutral,46.52687
track_535_sample_3_sec_2102_face0.jpg,xiao,0.5050857644277524,neutral,45.979656
track_1039_sample_2_sec_4138_face1.jpg,xiao,0.4917270596908849,fear,60.12002
track_272_sample_2_sec_711_face0.jpg,ming,0.14721215901928286,sad,89.9167
track_653_sample_1_sec_2894_face0.jpg,ming,0.18387857564401477,fear,65.991714
track_976_sample_1_sec_3926_face0.jpg,none,,angry,82.553825
track_792_sample_1_sec_3650_face0.jpg,ming,0.142463802019258,sad,80.39397
track_1039_sample_2_sec_4138_face0.jpg,ming,0.12572095760388957,fear,99.98558
track_598_sample_1_sec_2508_face0.jpg,none,,neutral,94.024124
track_461_sample_3_sec_1734_face1.jpg,ming,0.13605537788172373,neutral,44.577812
track_535_sample_1_sec_2083_face0.jpg,xiao,0.6117755660717101,sad,60.944504
track_81_sample_2_sec_377_face0.jpg,ming,0.12423455352101131,neutral,53.355778
track_29_sample_1_sec_135_face0.jpg,ming,0.1307500424858794,neutral,99.92197
track_569_sample_1_sec_2246_face0.jpg,ming,0.13754857917738095,fear,99.25357
track_1057_sample_2_sec_4207_face1.jpg,ming,0.1431517240295903,sad,92.5353
track_554_sample_2_sec_2118_face0.jpg,ming,0.6291834439411361,sad,80.166725
track_703_sample_2_sec_3168_face0.jpg,ming,0.1452632215881442,neutral,86.96947
track_281_sample_1_sec_929_face0.jpg,ming,0.13942807264001056,sad,97.10338
track_990_sample_3_sec_4001_face0.jpg,ming,0.15139997110730974,fear,97.56224
track_942_sample_1_sec_3882_face0.jpg,ming,0.13849887448936704,sad,79.93766
track_516_sample_3_sec_2019_face0.jpg,ming,0.11909466505387545,fear,67.27829
track_94_sample_1_sec_406_face1.jpg,ming,0.11982975735239942,neutral,52.78633
track_212_sample_3_sec_583_face0.jpg,none,,sad,88.854614
track_1068_sample_2_sec_4207_face0.jpg,xiao,0.5878622687405508,neutral,41.086914
track_464_sample_2_sec_1746_face0.jpg,ming,0.1374714888322347,sad,61.04695
track_146_sample_2_sec_491_face0.jpg,ming,0.14798562382856328,fear,53.93398
track_647_sample_2_sec_2873_face1.jpg,ming,0.14881553103548928,sad,99.77071
track_387_sample_3_sec_1209_face0.jpg,ming,0.137882231214134,angry,54.6013
track_606_sample_2_sec_2536_face0.jpg,ming,0.526910601859038,sad,96.70213
track_370_sample_1_sec_1101_face0.jpg,ming,0.1369257459028087,happy,92.00407
track_1068_sample_3_sec_4216_face1.jpg,none,,sad,58.351177
track_870_sample_2_sec_3839_face0.jpg,ming,0.12966012541467298,sad,84.22201
track_134_sample_1_sec_474_face0.jpg,xiao,0.6515980417873969,neutral,97.19959
track_1069_sample_1_sec_4198_face1.jpg,xiao,0.6138776600577207,sad,77.93103
track_647_sample_3_sec_2876_face0.jpg,none,,neutral,98.484314
track_948_sample_1_sec_3884_face0.jpg,ming,0.18433912347828785,angry,65.988846
track_436_sample_2_sec_1559_face0.jpg,ming,0.6200848002179916,sad,89.13195
track_1108_sample_1_sec_4295_face0.jpg,ming,0.14819795424100735,sad,94.43254
track_1070_sample_1_sec_4198_face4.jpg,ming,0.4134902928530011,sad,53.07119
track_670_sample_1_sec_2928_face0.jpg,ming,0.13391510063509748,sad,99.67354
track_1057_sample_3_sec_4216_face0.jpg,none,,sad,78.63514
track_9_sample_2_sec_51_face1.jpg,ming,0.1379873289948158,fear,72.22931
track_1067_sample_2_sec_4207_face4.jpg,xiao,0.6350823941253763,neutral,89.12153
track_290_sample_2_sec_1075_face0.jpg,ming,0.13512035817940315,sad,86.43389
track_1056_sample_1_sec_4198_face0.jpg,none,,fear,92.06817
track_531_sample_3_sec_2070_face0.jpg,ming,0.1391332618488026,sad,61.232395
track_979_sample_3_sec_3961_face1.jpg,ming,0.6239040732675906,sad,58.957043
track_1056_sample_1_sec_4198_face2.jpg,ming,0.14762035095207904,neutral,82.49588
track_1052_sample_2_sec_4207_face0.jpg,xiao,0.5550092377735086,fear,41.526134
track_1057_sample_3_sec_4216_face2.jpg,ming,0.15967010150507344,angry,97.88008
track_997_sample_3_sec_4005_face1.jpg,ming,0.12972128830738583,fear,98.92527
track_604_sample_1_sec_2515_face0.jpg,ming,0.24089282723053307,sad,63.86833
track_575_sample_1_sec_2259_face0.jpg,ming,0.13516009167219467,neutral,57.12064
track_367_sample_1_sec_1100_face0.jpg,ming,0.1303726934291487,sad,99.53312
track_682_sample_2_sec_2988_face0.jpg,ming,0.13009108382775647,fear,99.69642
track_480_sample_3_sec_1862_face0.jpg,xiao,0.513352510421516,neutral,49.944107
track_1069_sample_1_sec_4198_face3.jpg,none,,happy,53.264927
track_159_sample_1_sec_487_face1.jpg,xiao,0.5288364741646175,sad,99.15741
track_1068_sample_3_sec_4216_face3.jpg,xiao,0.41258322969987815,angry,51.504128
track_797_sample_1_sec_3671_face0.jpg,xiao,0.16884160626454758,sad,99.95169
track_454_sample_1_sec_1731_face0.jpg,none,,sad,63.368404
track_1086_sample_3_sec_4266_face0.jpg,ming,0.13972206472071036,fear,93.14797
track_784_sample_2_sec_3638_face0.jpg,ming,0.1430316552934553,angry,58.925583
track_1068_sample_2_sec_4207_face2.jpg,none,,fear,90.4425
track_154_sample_2_sec_487_face1.jpg,ming,0.14616486702553388,fear,80.409935
track_971_sample_1_sec_3917_face0.jpg,ming,0.15172360245186445,sad,98.23301
track_972_sample_3_sec_3924_face0.jpg,ming,0.1418356115499605,sad,91.46027
track_761_sample_1_sec_3520_face0.jpg,ming,0.12580479157166125,fear,99.88154
track_747_sample_3_sec_3456_face0.jpg,ming,0.14038491093552674,sad,99.20025
track_531_sample_1_sec_2067_face0.jpg,ming,0.1438931737252006,sad,84.35161
track_450_sample_1_sec_1662_face0.jpg,xiao,0.4229705103647573,sad,97.89575
track_1039_sample_2_sec_4138_face2.jpg,ming,0.26351252649082624,fear,64.87762
track_4_sample_3_sec_62_face0.jpg,ming,0.14733703024718336,sad,83.06552
track_450_sample_1_sec_1662_face1.jpg,ming,0.1464575923191972,angry,67.08813
track_732_sample_2_sec_3407_face0.jpg,xiao,0.31371960175151836,neutral,54.771687
track_949_sample_1_sec_3885_face0.jpg,ming,0.13336359078778526,sad,66.713425
track_1098_sample_2_sec_4289_face0.jpg,ming,0.13159212544905874,sad,53.28194
track_428_sample_3_sec_1401_face0.jpg,ming,0.4571739023732285,neutral,94.10761
track_1053_sample_1_sec_4198_face0.jpg,xiao,0.6564938940194049,fear,74.992455
track_760_sample_1_sec_3519_face0.jpg,ming,0.13998777223663206,neutral,78.15501
track_1057_sample_2_sec_4207_face2.jpg,ming,0.15111637574606973,neutral,92.716156
track_1052_sample_3_sec_4216_face0.jpg,ming,0.353654005132334,sad,84.71421
track_866_sample_2_sec_3815_face0.jpg,ming,0.1186784523886979,angry,52.1433
track_154_sample_2_sec_487_face0.jpg,ming,0.12819431917340063,sad,99.999855
track_94_sample_1_sec_406_face2.jpg,ming,0.124511508024851,sad,99.98205
track_1068_sample_2_sec_4207_face3.jpg,xiao,0.5438583665929027,angry,34.659035
track_972_sample_2_sec_3921_face0.jpg,ming,0.14076256506623563,sad,99.81541
track_1004_sample_1_sec_4027_face0.jpg,ming,0.3435749482957322,neutral,34.03127
track_843_sample_2_sec_3755_face0.jpg,ming,0.12621915615045154,sad,66.64521
track_454_sample_1_sec_1731_face1.jpg,xiao,0.6785429547994306,neutral,87.7233
track_509_sample_3_sec_1986_face0.jpg,xiao,0.35137137302101384,happy,98.79002
track_1068_sample_3_sec_4216_face2.jpg,none,,sad,66.71349
track_53_sample_2_sec_140_face0.jpg,ming,0.11870946210084565,sad,99.81726
track_159_sample_1_sec_487_face0.jpg,none,,neutral,81.12938
track_596_sample_1_sec_2502_face0.jpg,ming,0.1415791393791871,sad,99.98479
track_599_sample_1_sec_2509_face0.jpg,xiao,0.3861474307875603,neutral,69.98011
track_644_sample_2_sec_2843_face0.jpg,ming,0.12915354714538385,angry,61.669712
track_1069_sample_1_sec_4198_face2.jpg,none,,sad,39.70731
track_480_sample_3_sec_1862_face1.jpg,ming,0.2168608170448978,neutral,97.59399
track_668_sample_3_sec_2956_face0.jpg,ming,0.1388710116487618,sad,36.36035
track_604_sample_1_sec_2515_face1.jpg,ming,0.13765783450031444,sad,99.288284
track_42_sample_1_sec_136_face0.jpg,ming,0.13181405642663002,neutral,99.70163
track_997_sample_3_sec_4005_face0.jpg,ming,0.11994553601092395,neutral,94.00313
track_516_sample_2_sec_1999_face0.jpg,ming,0.13438030745483398,angry,99.033936
track_979_sample_3_sec_3961_face0.jpg,ming,0.4653638378490238,fear,64.959465
track_1076_sample_3_sec_4263_face0.jpg,ming,0.3697287289509774,fear,87.0591
track_1056_sample_1_sec_4198_face3.jpg,none,,fear,71.17461
track_211_sample_2_sec_545_face0.jpg,ming,0.17277339711605688,sad,97.36034
track_1070_sample_1_sec_4198_face3.jpg,none,,sad,64.07525
track_1077_sample_3_sec_4264_face0.jpg,ming,0.13652730130048996,neutral,44.6035
track_1086_sample_1_sec_4263_face0.jpg,ming,0.13483241861132966,sad,61.468037
track_494_sample_1_sec_1904_face0.jpg,ming,0.1507471252181104,angry,38.011055
track_1063_sample_1_sec_4198_face1.jpg,none,,sad,82.615685
track_1067_sample_2_sec_4207_face3.jpg,xiao,0.655049012002183,neutral,57.711853
track_1062_sample_3_sec_4216_face1.jpg,xiao,0.6189106931218713,sad,79.62489
track_106_sample_2_sec_431_face0.jpg,none,,neutral,91.06225
track_23_sample_2_sec_119_face1.jpg,ming,0.14096723353143525,sad,99.734924
track_1074_sample_2_sec_4207_face1.jpg,none,,fear,87.85432
track_1071_sample_3_sec_4216_face3.jpg,none,,fear,33.843216
track_553_sample_3_sec_2127_face0.jpg,ming,0.6187025870404503,sad,90.07213
track_1039_sample_3_sec_4141_face1.jpg,ming,0.32129934935674365,sad,86.38471
track_447_sample_3_sec_1683_face0.jpg,none,,angry,72.39784
track_97_sample_2_sec_422_face0.jpg,ming,0.1275086678419216,neutral,96.65258
track_272_sample_1_sec_710_face0.jpg,ming,0.1170579574954621,sad,99.99999
track_58_sample_3_sec_203_face0.jpg,ming,0.13165919757260913,fear,61.9747
track_553_sample_1_sec_2108_face0.jpg,xiao,0.5956221532883752,sad,56.453007
track_63_sample_2_sec_233_face0.jpg,xiao,0.25913635033109084,neutral,75.86307
track_1039_sample_1_sec_4135_face0.jpg,none,,neutral,98.2343
track_118_sample_1_sec_462_face0.jpg,ming,0.13543648192819346,sad,97.74416
track_463_sample_2_sec_1733_face0.jpg,ming,0.13591634262010488,sad,69.39709
track_932_sample_2_sec_3871_face0.jpg,ming,0.12943968470094402,neutral,98.745026
track_1033_sample_1_sec_4133_face0.jpg,xiao,0.6646306592533688,neutral,90.91284
track_147_sample_1_sec_483_face0.jpg,ming,0.13655174192548303,happy,99.92846
track_818_sample_1_sec_3687_face0.jpg,ming,0.1333980460766,sad,72.86041
track_659_sample_3_sec_2915_face0.jpg,ming,0.15713208513516652,sad,63.273853
track_108_sample_2_sec_432_face0.jpg,ming,0.124091497491301,sad,53.93118
track_1067_sample_3_sec_4216_face2.jpg,none,,sad,74.21727
track_1062_sample_2_sec_4207_face0.jpg,none,,fear,83.898285
track_96_sample_3_sec_416_face1.jpg,ming,0.13233762183302578,sad,81.10689
track_274_sample_3_sec_767_face1.jpg,ming,0.1339141313396508,fear,58.4301
track_1074_sample_3_sec_4216_face0.jpg,none,,fear,76.34439
track_1071_sample_2_sec_4207_face2.jpg,xiao,0.6691907847758083,fear,93.81644
track_1117_sample_3_sec_4308_face0.jpg,ming,0.13527722023539002,neutral,99.452545
track_292_sample_1_sec_1050_face2.jpg,ming,0.1323187990760103,sad,98.27029
track_1040_sample_1_sec_4139_face1.jpg,ming,0.1260703696706459,sad,99.99797
track_1066_sample_1_sec_4198_face2.jpg,ming,0.12566068060521585,sad,100.0
track_617_sample_1_sec_2569_face0.jpg,ming,0.13855861046780038,neutral,41.570072
track_210_sample_2_sec_506_face0.jpg,ming,0.5666342999583663,neutral,90.97254
track_210_sample_2_sec_506_face1.jpg,ming,0.4994839136910083,sad,99.77106
track_444_sample_3_sec_1619_face0.jpg,ming,0.181757882658522,neutral,98.99658
track_1040_sample_1_sec_4139_face0.jpg,none,,sad,77.708725
track_274_sample_3_sec_767_face0.jpg,none,,neutral,80.70219
track_96_sample_3_sec_416_face0.jpg,ming,0.1282279329878082,sad,84.843155
track_1117_sample_1_sec_4306_face0.jpg,ming,0.14187496385900256,sad,78.6167
track_1071_sample_2_sec_4207_face3.jpg,xiao,0.5240368374746701,sad,98.008675
track_1074_sample_3_sec_4216_face1.jpg,none,,sad,66.01149
track_1062_sample_2_sec_4207_face1.jpg,ming,0.5017945748481236,sad,95.77164
track_1067_sample_3_sec_4216_face3.jpg,none,,angry,34.684734
track_1098_sample_1_sec_4275_face0.jpg,ming,0.13021221557774842,neutral,99.890564
track_120_sample_1_sec_471_face0.jpg,xiao,0.5906915670998616,neutral,81.72775
track_950_sample_1_sec_3885_face0.jpg,ming,0.14019552759850518,sad,98.7454
track_1006_sample_3_sec_4048_face0.jpg,none,,neutral,81.144356
track_273_sample_2_sec_731_face0.jpg,ming,0.1318003212461728,neutral,99.532715
track_147_sample_1_sec_483_face1.jpg,ming,0.1373633045100755,fear,79.67369
track_642_sample_3_sec_2848_face0.jpg,none,,angry,83.91446
track_62_sample_1_sec_212_face0.jpg,xiao,0.0,neutral,75.88136
track_1058_sample_3_sec_4216_face2.jpg,ming,0.6141316049529347,sad,84.20764
track_1033_sample_1_sec_4133_face1.jpg,xiao,0.6535985315255322,sad,80.94882
track_791_sample_2_sec_3660_face0.jpg,ming,0.1327126950659553,sad,99.19901
track_275_sample_1_sec_754_face0.jpg,ming,0.12630734154268863,sad,93.735855
track_272_sample_1_sec_710_face1.jpg,ming,0.127371706068363,sad,91.12501
track_973_sample_1_sec_3918_face0.jpg,ming,0.13169698926833473,angry,53.4777
track_119_sample_1_sec_471_face0.jpg,xiao,0.3203092830004497,sad,62.251778
track_507_sample_1_sec_1937_face0.jpg,ming,0.1544454740708745,sad,45.976593
track_1039_sample_3_sec_4141_face0.jpg,ming,0.1293423330500676,fear,99.917534
track_1071_sample_3_sec_4216_face2.jpg,none,,neutral,81.02507
track_1074_sample_2_sec_4207_face0.jpg,xiao,0.6659373453613252,sad,51.39809
track_23_sample_2_sec_119_face0.jpg,ming,0.14039773746556783,fear,86.62678
track_1062_sample_3_sec_4216_face0.jpg,none,,sad,77.958466
track_1067_sample_2_sec_4207_face2.jpg,ming,0.2467179514795137,sad,84.530655
track_868_sample_2_sec_3856_face0.jpg,ming,0.13354011811321487,sad,90.582565
track_1032_sample_3_sec_4131_face0.jpg,ming,0.5756565215931706,angry,80.87278
track_1063_sample_1_sec_4198_face0.jpg,xiao,0.6604300018761663,neutral,99.89683
track_1070_sample_1_sec_4198_face2.jpg,xiao,0.5887854319744863,fear,61.23496
track_681_sample_1_sec_2980_face0.jpg,xiao,0.5029524090118458,sad,73.92645
track_324_sample_1_sec_1074_face0.jpg,ming,0.14868406751415597,happy,86.130135
track_1070_sample_1_sec_4198_face0.jpg,xiao,0.6256258633348257,happy,55.303265
track_984_sample_2_sec_3968_face0.jpg,none,,sad,53.927277
track_1071_sample_3_sec_4216_face0.jpg,ming,0.18355326837693675,neutral,41.850574
track_18_sample_1_sec_110_face0.jpg,ming,0.13747230994630733,sad,90.554054
track_1062_sample_3_sec_4216_face2.jpg,xiao,0.6746635302044804,neutral,87.70109
track_1067_sample_2_sec_4207_face0.jpg,xiao,0.5862929521136185,sad,46.217762
track_133_sample_1_sec_474_face0.jpg,xiao,0.3541641632965541,sad,64.85077
track_663_sample_3_sec_2915_face1.jpg,ming,0.12226694649417824,sad,99.65576
track_1039_sample_3_sec_4141_face2.jpg,ming,0.13367737866083584,sad,99.999985
track_87_sample_3_sec_404_face0.jpg,ming,0.5580546810457605,neutral,56.826572
track_23_sample_1_sec_113_face0.jpg,ming,0.13417721922443604,neutral,48.59667
track_273_sample_3_sec_740_face0.jpg,none,,neutral,77.56812
track_170_sample_3_sec_503_face0.jpg,ming,0.12894595849953272,sad,97.77485
track_1036_sample_1_sec_4133_face0.jpg,none,,neutral,43.43817
track_461_sample_1_sec_1731_face0.jpg,none,,angry,71.93486
track_1036_sample_2_sec_4138_face0.jpg,xiao,0.48683611234713164,sad,56.72338
track_81_sample_3_sec_386_face0.jpg,ming,0.1323129316839684,sad,47.96295
track_490_sample_2_sec_1903_face0.jpg,ming,0.13883070362187577,surprise,80.70399
track_695_sample_1_sec_3119_face0.jpg,ming,0.13854464678912393,angry,59.94493
track_1074_sample_1_sec_4199_face0.jpg,xiao,0.676780862831545,fear,81.82499
track_1098_sample_3_sec_4305_face1.jpg,ming,0.12652805577014592,fear,69.93311
track_1058_sample_3_sec_4216_face0.jpg,ming,0.12456398007565761,fear,99.5402
track_21_sample_1_sec_110_face0.jpg,ming,0.14100472538977837,sad,63.533413
track_1059_sample_1_sec_4198_face0.jpg,ming,0.6103487288574213,angry,72.046074
track_13_sample_3_sec_84_face0.jpg,ming,0.13969238368541592,neutral,94.195045
track_287_sample_2_sec_1053_face0.jpg,ming,0.13636859808624502,fear,51.744125
track_976_sample_2_sec_3932_face0.jpg,ming,0.14918250886320705,neutral,68.78133
track_490_sample_1_sec_1893_face0.jpg,ming,0.12731673932625787,sad,99.90338
track_476_sample_1_sec_1825_face0.jpg,ming,0.132080901515083,sad,99.162346
track_15_sample_2_sec_86_face0.jpg,ming,0.14968065848700107,happy,99.710205
track_1124_sample_3_sec_4333_face0.jpg,ming,0.1326675256767349,neutral,83.55087
track_886_sample_3_sec_3859_face0.jpg,ming,0.13394721260342923,neutral,99.79724
track_713_sample_1_sec_3185_face0.jpg,ming,0.26425648256947154,neutral,47.51518
track_1071_sample_2_sec_4207_face1.jpg,xiao,0.6197653951374656,angry,72.57194
track_803_sample_1_sec_3679_face0.jpg,ming,0.13849534580820533,neutral,63.673336
track_962_sample_1_sec_3908_face0.jpg,ming,0.40227275928812567,sad,99.9603
track_274_sample_3_sec_767_face2.jpg,ming,0.1336759126976227,happy,76.86581
track_519_sample_2_sec_2053_face0.jpg,ming,0.1424875994858632,fear,60.197456
track_1067_sample_3_sec_4216_face1.jpg,xiao,0.6656403646233957,sad,77.975876
track_93_sample_1_sec_406_face1.jpg,ming,0.12119877014934821,sad,90.23022
track_1066_sample_1_sec_4198_face1.jpg,none,,disgust,62.596603
track_1040_sample_1_sec_4139_face2.jpg,ming,0.18541009387534813,sad,59.695736
track_292_sample_1_sec_1050_face1.jpg,ming,0.13031138897958638,fear,55.78728
track_522_sample_3_sec_2057_face0.jpg,ming,0.13695378397370395,neutral,53.49704
track_686_sample_3_sec_3032_face0.jpg,ming,0.1251258702882604,sad,52.080856
track_518_sample_2_sec_2031_face0.jpg,ming,0.14081069024569182,neutral,44.812374
track_459_sample_2_sec_1733_face0.jpg,ming,0.38058327122640057,neutral,74.02066
track_557_sample_2_sec_2140_face0.jpg,xiao,0.6475222807234999,happy,80.480896
track_292_sample_1_sec_1050_face0.jpg,ming,0.13476695483099788,fear,81.02555
track_285_sample_1_sec_957_face0.jpg,ming,0.1324070562020332,sad,99.39658
track_1066_sample_1_sec_4198_face0.jpg,xiao,0.628799961753445,neutral,79.67404
track_93_sample_1_sec_406_face0.jpg,ming,0.1374630669152238,sad,89.08798
track_1067_sample_3_sec_4216_face0.jpg,ming,0.6133613390176127,neutral,97.25663
track_1062_sample_2_sec_4207_face2.jpg,xiao,0.6772630951388683,neutral,99.18893
track_1071_sample_2_sec_4207_face0.jpg,ming,0.12498373212013802,neutral,92.09174
track_112_sample_2_sec_451_face0.jpg,ming,0.1260650564249436,sad,99.97824
track_476_sample_1_sec_1825_face1.jpg,ming,0.14470464080068102,fear,57.948364
track_1050_sample_2_sec_4175_face0.jpg,ming,0.13445827048681114,sad,93.6548
track_287_sample_2_sec_1053_face1.jpg,ming,0.13679870252497328,sad,38.607754
track_490_sample_3_sec_1912_face0.jpg,ming,0.14182897271859107,sad,99.908806
track_13_sample_3_sec_84_face1.jpg,ming,0.14073000566844984,fear,98.4145
track_1059_sample_1_sec_4198_face1.jpg,xiao,0.6572929830857978,sad,57.925724
track_1033_sample_1_sec_4133_face2.jpg,ming,0.13438194894895072,sad,99.20855
track_21_sample_2_sec_117_face0.jpg,ming,0.12736772071878477,sad,98.366234
track_976_sample_3_sec_3937_face0.jpg,none,,neutral,50.645863
track_506_sample_1_sec_1936_face0.jpg,ming,0.14453911660141716,neutral,65.19874
track_1058_sample_3_sec_4216_face1.jpg,none,,neutral,67.89575
track_1098_sample_3_sec_4305_face0.jpg,ming,0.14147759929116077,sad,97.42976
track_1074_sample_1_sec_4199_face1.jpg,none,,sad,74.17618
track_421_sample_1_sec_1361_face0.jpg,ming,0.5736518652152273,sad,48.391487
track_316_sample_2_sec_1070_face0.jpg,ming,0.13957289684026075,fear,78.75969
track_958_sample_1_sec_3905_face0.jpg,ming,0.13564192620967552,sad,87.89108
track_1036_sample_2_sec_4138_face1.jpg,none,,neutral,54.727547
track_365_sample_1_sec_1099_face0.jpg,ming,0.13741310657342065,sad,93.91021
track_461_sample_1_sec_1731_face1.jpg,ming,0.1346051013386439,sad,50.94769
track_1039_sample_1_sec_4135_face2.jpg,ming,0.18819892676752847,sad,99.64452
track_1069_sample_1_sec_4198_face4.jpg,ming,0.12312582241347736,sad,100.0
track_279_sample_3_sec_785_face0.jpg,ming,0.1378074786180149,happy,99.93953
track_23_sample_1_sec_113_face1.jpg,ming,0.14028037853441777,sad,36.69568
track_18_sample_3_sec_124_face0.jpg,ming,0.24549865559447936,neutral,51.126205
track_663_sample_3_sec_2915_face0.jpg,xiao,0.5608999796191683,happy,86.19539
track_4_sample_1_sec_24_face0.jpg,ming,0.11957499528058191,sad,63.83015
track_1067_sample_2_sec_4207_face1.jpg,none,,fear,78.40381
track_1071_sample_3_sec_4216_face1.jpg,none,,angry,87.155556
track_869_sample_2_sec_3839_face0.jpg,ming,0.14082065713809144,neutral,57.567917
track_2_sample_1_sec_12_face0.jpg,ming,0.6350311383635969,sad,66.019485
track_1070_sample_1_sec_4198_face1.jpg,none,,angry,86.62919
track_18_sample_2_sec_117_face0.jpg,ming,0.13536149244036333,fear,57.087784
track_481_sample_3_sec_1862_face0.jpg,xiao,0.3340833289849383,sad,58.281578
track_886_sample_1_sec_3833_face0.jpg,ming,0.13325152021203523,neutral,76.247856
track_146_sample_1_sec_483_face0.jpg,ming,0.13625686323972375,happy,86.426384
track_825_sample_1_sec_3690_face0.jpg,ming,0.0,fear,92.59985
track_1056_sample_3_sec_4216_face2.jpg,ming,0.20847635440456513,surprise,99.99988
track_1053_sample_2_sec_4207_face0.jpg,none,,fear,89.10808
track_649_sample_3_sec_2898_face0.jpg,ming,0.12629655390495664,sad,55.52191
track_121_sample_2_sec_476_face0.jpg,ming,0.14336494379714726,angry,99.148994
track_520_sample_1_sec_2043_face0.jpg,ming,0.13510189507271952,fear,47.396
track_489_sample_2_sec_1899_face0.jpg,ming,0.12534827142946747,happy,91.11385
track_225_sample_2_sec_699_face0.jpg,ming,0.1281356313226002,neutral,63.20337
track_992_sample_3_sec_4004_face1.jpg,ming,0.12594204622216865,fear,50.522083
track_455_sample_1_sec_1731_face0.jpg,ming,0.37297706650251505,fear,68.81848
track_1012_sample_1_sec_4045_face0.jpg,ming,0.13820202250872693,sad,91.569725
track_698_sample_1_sec_3147_face0.jpg,ming,0.14096339779350098,happy,78.99945
track_653_sample_3_sec_2914_face1.jpg,ming,0.14105709668837907,sad,99.89185
track_447_sample_1_sec_1643_face0.jpg,none,,neutral,96.44589
track_76_sample_1_sec_365_face0.jpg,ming,0.1259195182901336,sad,97.522095
track_1069_sample_3_sec_4216_face3.jpg,none,,neutral,99.98158
track_886_sample_2_sec_3842_face0.jpg,ming,0.13254912867498236,sad,78.7319
track_916_sample_1_sec_3847_face0.jpg,ming,0.12503538698060612,sad,89.69789
track_450_sample_2_sec_1665_face0.jpg,ming,0.41259136959001896,sad,76.2164
track_210_sample_3_sec_507_face0.jpg,none,,angry,79.69232
track_1068_sample_1_sec_4198_face3.jpg,xiao,0.5347401105827083,sad,48.375595
track_801_sample_2_sec_3680_face0.jpg,ming,0.13988859814431776,angry,72.44402
track_992_sample_2_sec_4001_face0.jpg,ming,0.12908417598743105,sad,99.99324
track_1035_sample_3_sec_4145_face0.jpg,ming,0.1275618733212811,happy,95.85321
track_284_sample_2_sec_949_face0.jpg,ming,0.13779388514147795,sad,91.63924
track_437_sample_2_sec_1561_face0.jpg,ming,0.48857739913431375,sad,55.518677
track_638_sample_3_sec_2810_face0.jpg,ming,0.15241637333918856,surprise,93.50808
track_1069_sample_2_sec_4207_face2.jpg,none,,neutral,99.43387
track_984_sample_3_sec_3973_face0.jpg,none,,neutral,99.67986
track_649_sample_2_sec_2889_face1.jpg,ming,0.13533450337984954,sad,99.99632
track_387_sample_1_sec_1206_face0.jpg,ming,0.14124375217635277,sad,94.77109
track_1056_sample_2_sec_4207_face3.jpg,none,,sad,57.95677
track_1053_sample_3_sec_4216_face0.jpg,none,,sad,43.204857
track_1056_sample_2_sec_4207_face2.jpg,ming,0.35265406787663256,disgust,70.74608
track_728_sample_1_sec_3350_face0.jpg,ming,0.137963309373903,angry,99.57784
track_649_sample_2_sec_2889_face0.jpg,ming,0.14803992276512723,neutral,65.19723
track_55_sample_2_sec_161_face0.jpg,ming,0.1280006533971617,sad,98.47389
track_1052_sample_1_sec_4198_face0.jpg,xiao,0.6167086630470463,happy,60.225857
track_734_sample_1_sec_3411_face0.jpg,ming,0.12983546401396906,neutral,79.356834
track_632_sample_2_sec_2750_face0.jpg,ming,0.22510843196865937,sad,80.32679
track_73_sample_3_sec_384_face0.jpg,ming,0.5774222633982026,sad,96.09201
track_979_sample_1_sec_3942_face0.jpg,ming,0.27776169361644565,sad,61.27382
track_162_sample_1_sec_488_face0.jpg,ming,0.14493167321558353,sad,54.078403
track_275_sample_3_sec_773_face0.jpg,ming,0.13436600911641017,neutral,97.19384
track_874_sample_2_sec_3839_face0.jpg,ming,0.13575496481335048,neutral,64.70658
track_1069_sample_2_sec_4207_face3.jpg,none,,neutral,56.102734
track_783_sample_1_sec_3617_face0.jpg,ming,0.22196700183771045,neutral,97.70729
track_1068_sample_1_sec_4198_face2.jpg,none,,fear,64.21249
track_709_sample_1_sec_3170_face0.jpg,ming,0.13219221893375988,fear,94.81856
track_437_sample_3_sec_1570_face0.jpg,ming,0.12578166996029005,neutral,99.99792
track_210_sample_3_sec_507_face1.jpg,ming,0.5812448060324674,neutral,95.9529
track_653_sample_3_sec_2914_face0.jpg,xiao,0.5105376650707775,neutral,90.48114
track_1069_sample_3_sec_4216_face2.jpg,none,,sad,60.65835
track_76_sample_1_sec_365_face1.jpg,ming,0.1307897682617184,fear,57.962112
track_992_sample_3_sec_4004_face0.jpg,ming,0.1312382253103156,neutral,62.69762
track_489_sample_2_sec_1899_face1.jpg,ming,0.15137095875630124,neutral,80.982086
track_310_sample_1_sec_1055_face0.jpg,ming,0.13682023410852517,neutral,91.98831
track_467_sample_1_sec_1744_face0.jpg,none,,neutral,99.68116
track_88_sample_1_sec_391_face0.jpg,ming,0.1403745297626473,fear,98.390594
track_987_sample_3_sec_3993_face0.jpg,ming,0.13676540427568196,neutral,56.387665
track_324_sample_2_sec_1075_face0.jpg,ming,0.12050209907161269,sad,99.99998
track_1056_sample_3_sec_4216_face3.jpg,none,,sad,54.232483
track_149_sample_3_sec_492_face0.jpg,ming,0.1251870843767635,sad,99.97453
track_146_sample_1_sec_483_face1.jpg,ming,0.1324456589193398,neutral,53.859222
track_54_sample_3_sec_174_face0.jpg,ming,0.12261795903702322,neutral,49.26774
track_618_sample_1_sec_2571_face0.jpg,ming,0.128608857806783,sad,76.23247
track_494_sample_2_sec_1908_face0.jpg,ming,0.13939909433771092,sad,78.56855
track_480_sample_2_sec_1853_face0.jpg,xiao,0.33096214536813817,sad,95.42825
track_382_sample_3_sec_1123_face0.jpg,ming,0.18336107972429816,fear,64.462456
track_1016_sample_1_sec_4049_face0.jpg,ming,0.1335559282865847,angry,66.49019
track_910_sample_2_sec_3844_face0.jpg,ming,0.13145470629169487,sad,36.284927
track_20_sample_1_sec_110_face0.jpg,ming,0.1390573111412854,sad,84.5784
track_634_sample_1_sec_2766_face0.jpg,ming,0.25570807344735036,sad,99.34812
track_605_sample_1_sec_2518_face0.jpg,ming,0.2681103099690949,sad,77.065186
track_170_sample_2_sec_499_face0.jpg,ming,0.12399463793453569,fear,55.25176
track_1056_sample_3_sec_4216_face1.jpg,none,,neutral,84.50499
track_73_sample_1_sec_360_face0.jpg,ming,0.14395074715059486,fear,24.12448
track_1128_sample_2_sec_4332_face0.jpg,ming,0.12816444746373723,sad,76.79102
track_1057_sample_1_sec_4198_face1.jpg,ming,0.18129728768290032,angry,86.74008
track_650_sample_1_sec_2884_face0.jpg,xiao,0.382029725632816,fear,99.668785
track_702_sample_1_sec_3156_face0.jpg,ming,0.13652795546619978,neutral,48.597
track_709_sample_3_sec_3173_face0.jpg,ming,0.1485911887568655,sad,64.7437
track_457_sample_2_sec_1733_face0.jpg,none,,neutral,97.18167
track_958_sample_2_sec_3909_face0.jpg,ming,0.1371779587051173,sad,99.978584
track_1069_sample_3_sec_4216_face0.jpg,xiao,0.5997361938304518,sad,93.82158
track_1072_sample_2_sec_4208_face0.jpg,none,,angry,46.318848
track_136_sample_3_sec_486_face0.jpg,xiao,0.5637023452101995,sad,77.5254
track_1068_sample_1_sec_4198_face0.jpg,xiao,0.6594734261436435,angry,92.598625
track_103_sample_1_sec_420_face0.jpg,ming,0.14025212330150028,sad,74.974075
track_465_sample_3_sec_1757_face0.jpg,ming,0.13054909595976383,angry,77.80567
track_608_sample_1_sec_2522_face1.jpg,ming,0.12973994397971145,sad,99.55736
track_867_sample_2_sec_3839_face0.jpg,ming,0.13054352859815932,fear,70.04595
track_1069_sample_2_sec_4207_face1.jpg,none,,sad,80.95435
track_602_sample_1_sec_2511_face0.jpg,none,,neutral,99.51897
track_1025_sample_3_sec_4102_face0.jpg,ming,0.13299538725971916,sad,68.48599
track_344_sample_1_sec_1088_face0.jpg,ming,0.12908698427914211,fear,59.992344
track_460_sample_3_sec_1734_face0.jpg,ming,0.14359665665945376,surprise,61.81432
track_1014_sample_2_sec_4052_face0.jpg,ming,0.13431901803112656,fear,98.00329
track_1019_sample_1_sec_4056_face0.jpg,none,,sad,44.942177
track_1070_sample_2_sec_4207_face4.jpg,none,,sad,99.996254
track_442_sample_1_sec_1580_face0.jpg,ming,0.13212604290276564,sad,99.953865
track_1023_sample_2_sec_4065_face0.jpg,ming,0.15830130319498126,sad,43.381615
track_1021_sample_2_sec_4061_face0.jpg,ming,0.12648483985237313,fear,98.892685
track_1056_sample_2_sec_4207_face0.jpg,ming,0.1484659406421206,angry,99.61089
track_1067_sample_1_sec_4198_face4.jpg,ming,0.14904647399637028,sad,97.56336
track_674_sample_3_sec_2970_face0.jpg,ming,0.6461822770494783,fear,90.4436
track_443_sample_1_sec_1600_face0.jpg,xiao,0.44966263009013885,angry,59.124214
track_1056_sample_2_sec_4207_face1.jpg,none,,neutral,56.083447
track_216_sample_2_sec_698_face0.jpg,ming,0.14745801961677096,sad,93.36474
track_1019_sample_1_sec_4056_face1.jpg,ming,0.1365553472603691,sad,93.693245
track_811_sample_1_sec_3683_face0.jpg,ming,0.1271673687771515,angry,67.97779
track_471_sample_1_sec_1768_face0.jpg,ming,0.13410716735793993,fear,60.001125
track_118_sample_3_sec_469_face0.jpg,ming,0.5692780211097717,fear,66.59581
track_602_sample_1_sec_2511_face1.jpg,xiao,0.3006098848674401,neutral,49.371258
track_1069_sample_2_sec_4207_face0.jpg,none,,sad,95.11905
track_1050_sample_3_sec_4177_face0.jpg,ming,0.13472445179351256,sad,92.78045
track_19_sample_3_sec_124_face0.jpg,ming,0.14097743083098024,sad,40.557217
track_608_sample_1_sec_2522_face0.jpg,ming,0.13484487041143578,sad,75.0627
track_517_sample_3_sec_2019_face0.jpg,ming,0.1350107073609388,fear,99.99975
track_1085_sample_1_sec_4261_face0.jpg,ming,0.13217592797822242,neutral,97.794914
track_1040_sample_3_sec_4147_face0.jpg,ming,0.12037085605278097,sad,99.7142
track_36_sample_2_sec_136_face0.jpg,ming,0.1356547384372252,fear,69.01968
track_19_sample_2_sec_117_face0.jpg,ming,0.14302084101792212,neutral,64.37483
track_431_sample_3_sec_1391_face0.jpg,ming,0.47695750299933104,neutral,76.422424
track_1068_sample_1_sec_4198_face1.jpg,none,,fear,55.095657
track_1069_sample_3_sec_4216_face1.jpg,none,,sad,48.23902
track_109_sample_1_sec_438_face0.jpg,ming,0.1334041503336031,neutral,57.074852
track_843_sample_3_sec_3764_face0.jpg,ming,0.12161571437803231,fear,76.59024
track_1057_sample_1_sec_4198_face0.jpg,none,,angry,44.997463
track_730_sample_3_sec_3426_face0.jpg,ming,0.1361359746730113,sad,99.999916
track_1070_sample_3_sec_4216_face4.jpg,ming,0.6475612440343856,sad,99.99219
track_650_sample_1_sec_2884_face1.jpg,ming,0.14310344665820574,happy,35.43278
track_20_sample_3_sec_124_face0.jpg,ming,0.14294451626694482,fear,98.00956
track_1071_sample_1_sec_4198_face4.jpg,ming,0.5117955290325173,sad,99.98608
track_1056_sample_3_sec_4216_face0.jpg,ming,0.5288686383883509,surprise,96.864525
track_84_sample_3_sec_389_face0.jpg,ming,0.1368659560050174,neutral,81.38199
track_382_sample_3_sec_1123_face1.jpg,ming,0.13690480274963257,angry,73.570854
track_1128_sample_3_sec_4337_face0.jpg,ming,0.13178330445783537,sad,88.02728
track_480_sample_2_sec_1853_face1.jpg,ming,0.20892239658007328,neutral,97.473595
track_20_sample_2_sec_117_face0.jpg,ming,0.13812081634068485,neutral,96.82752
track_95_sample_1_sec_406_face0.jpg,ming,0.1313537533796011,fear,55.998444
track_171_sample_1_sec_492_face1.jpg,ming,0.14412749228553523,sad,77.146835
track_562_sample_2_sec_2197_face0.jpg,ming,0.31524169548124326,neutral,99.303604
track_1108_sample_2_sec_4299_face0.jpg,ming,0.1296620588034516,neutral,98.22587
track_1033_sample_2_sec_4139_face0.jpg,ming,0.6050166558813266,neutral,84.74373
track_1066_sample_2_sec_4207_face0.jpg,xiao,0.6531542521239488,sad,59.049248
track_1070_sample_3_sec_4216_face0.jpg,xiao,0.37537016989817706,sad,87.45487
track_338_sample_2_sec_1106_face0.jpg,ming,0.13649531148485705,fear,79.36453
track_662_sample_2_sec_2910_face0.jpg,ming,0.5634014401248976,fear,97.19263
track_1071_sample_1_sec_4198_face0.jpg,xiao,0.573315898546368,angry,56.750534
track_13_sample_2_sec_75_face0.jpg,ming,0.14231167780796217,sad,84.061104
track_1062_sample_1_sec_4198_face2.jpg,none,,fear,93.67703
track_607_sample_1_sec_2522_face0.jpg,ming,0.1393544934005232,fear,93.94344
track_797_sample_3_sec_3675_face0.jpg,ming,0.11908830539853599,neutral,85.907135
track_274_sample_2_sec_758_face2.jpg,ming,0.1212724079450146,sad,99.913765
track_1037_sample_2_sec_4138_face0.jpg,ming,0.11995801387951399,fear,70.82606
track_460_sample_1_sec_1731_face0.jpg,ming,0.1376009310908355,neutral,66.82299
track_1037_sample_1_sec_4133_face0.jpg,ming,0.12639352446282748,neutral,87.387924
track_1059_sample_2_sec_4207_face1.jpg,none,,fear,74.86148
track_968_sample_1_sec_3916_face0.jpg,ming,0.14469304540918093,sad,99.94789
track_536_sample_2_sec_2093_face0.jpg,xiao,0.6723565442089986,sad,53.70611
track_10_sample_1_sec_53_face1.jpg,ming,0.12997011711030837,fear,78.52242
track_1006_sample_1_sec_4029_face0.jpg,none,,neutral,94.554985
track_4_sample_2_sec_26_face0.jpg,ming,0.12559487970748306,fear,57.221817
track_477_sample_1_sec_1825_face0.jpg,ming,0.14498528490003748,sad,80.91501
track_1058_sample_1_sec_4198_face0.jpg,none,,neutral,46.982895
track_727_sample_1_sec_3349_face0.jpg,ming,0.4289950490948371,angry,69.05176
track_1069_sample_2_sec_4207_face4.jpg,ming,0.12882373878978404,sad,92.91309
track_749_sample_1_sec_3441_face0.jpg,ming,0.13425817338433466,happy,77.562584
track_632_sample_1_sec_2749_face0.jpg,ming,0.2167857467934372,sad,78.499855
track_1059_sample_3_sec_4216_face0.jpg,ming,0.5742574744321767,surprise,93.4321
track_421_sample_3_sec_1363_face0.jpg,ming,0.12823194854658093,sad,99.80644
track_730_sample_1_sec_3402_face0.jpg,xiao,0.36360848673182333,neutral,87.69604
track_434_sample_1_sec_1403_face0.jpg,ming,0.3258984277168525,neutral,74.60766
track_96_sample_2_sec_411_face0.jpg,ming,0.1305993603368838,sad,98.270195
track_1067_sample_1_sec_4198_face1.jpg,xiao,0.6797510583441244,neutral,90.614944
track_312_sample_1_sec_1057_face0.jpg,xiao,0.6409187222710568,neutral,88.58882
track_1066_sample_3_sec_4216_face1.jpg,none,,angry,42.322994
track_1070_sample_2_sec_4207_face1.jpg,none,,angry,99.27561
track_1126_sample_1_sec_4321_face1.jpg,ming,0.13590007778828606,fear,88.197464
track_1070_sample_2_sec_4207_face0.jpg,xiao,0.5398104160731414,fear,98.18677
track_1126_sample_1_sec_4321_face0.jpg,ming,0.13521014269327036,neutral,93.946014
track_1066_sample_3_sec_4216_face0.jpg,xiao,0.6302026294189229,angry,44.50204
track_649_sample_1_sec_2878_face0.jpg,ming,0.1466814636172613,sad,98.6361
track_1067_sample_1_sec_4198_face0.jpg,none,,fear,80.089455
track_96_sample_2_sec_411_face1.jpg,ming,0.12499267306236173,sad,99.964485
track_1140_sample_3_sec_4376_face0.jpg,ming,0.19154396476914726,sad,91.07655
track_718_sample_2_sec_3204_face0.jpg,xiao,0.6706514657179636,sad,90.42719
track_135_sample_1_sec_474_face0.jpg,xiao,0.500632175473199,sad,55.276196
track_458_sample_2_sec_1733_face0.jpg,ming,0.17744657741858538,sad,41.20217
track_670_sample_3_sec_2935_face0.jpg,ming,0.17469600624093784,sad,77.793144
track_1059_sample_3_sec_4216_face1.jpg,none,,sad,62.451267
track_509_sample_2_sec_1954_face0.jpg,none,,sad,58.71373
track_485_sample_1_sec_1883_face0.jpg,ming,0.14101259688134016,fear,73.91837
track_467_sample_2_sec_1768_face0.jpg,ming,0.14012274530816182,neutral,44.802094
track_1058_sample_1_sec_4198_face1.jpg,none,,fear,46.47593
track_672_sample_2_sec_2943_face2.jpg,ming,0.16769095272260204,sad,96.76016
track_511_sample_2_sec_1972_face0.jpg,xiao,0.45380555745489837,neutral,92.60779
track_1006_sample_1_sec_4029_face1.jpg,none,,fear,63.92096
track_10_sample_1_sec_53_face0.jpg,ming,0.2121237457694437,sad,86.70434
track_827_sample_1_sec_3692_face0.jpg,ming,0.20624437305813015,sad,51.6523
track_1069_sample_3_sec_4216_face4.jpg,ming,0.12364649819447637,sad,98.784256
track_286_sample_1_sec_1017_face0.jpg,ming,0.14113614463157975,sad,86.53661
track_1059_sample_2_sec_4207_face0.jpg,ming,0.44464038117214777,angry,50.50686
track_523_sample_3_sec_2062_face0.jpg,ming,0.1307652825595471,neutral,50.920494
track_629_sample_1_sec_2746_face0.jpg,ming,0.41710369780724765,neutral,95.89117
track_97_sample_3_sec_425_face0.jpg,ming,0.13141838124277794,neutral,99.78959
track_1068_sample_1_sec_4198_face4.jpg,ming,0.14909066373395907,sad,99.83265
track_1127_sample_2_sec_4326_face0.jpg,ming,0.12878697077438006,neutral,56.65242
track_827_sample_2_sec_3702_face0.jpg,ming,0.06446724814870952,fear,97.23574
track_1037_sample_2_sec_4138_face1.jpg,xiao,0.6249960577163793,sad,78.39701
track_445_sample_2_sec_1624_face0.jpg,none,,sad,45.96386
track_317_sample_2_sec_1070_face0.jpg,ming,0.13097849227477598,fear,76.38078
track_679_sample_2_sec_2971_face0.jpg,ming,0.13202352490774216,angry,74.53707
track_102_sample_1_sec_419_face0.jpg,ming,0.12841366997473103,fear,92.844765
track_1050_sample_1_sec_4172_face0.jpg,ming,0.18744131120480134,fear,80.54866
track_624_sample_1_sec_2733_face0.jpg,ming,0.12706374484596827,sad,100.0
track_1071_sample_1_sec_4198_face1.jpg,none,,sad,98.022514
track_1070_sample_3_sec_4216_face1.jpg,none,,angry,98.92739
track_1066_sample_2_sec_4207_face1.jpg,none,,neutral,60.99121
track_1033_sample_2_sec_4139_face1.jpg,none,,sad,67.18234
track_171_sample_1_sec_492_face0.jpg,ming,0.14227182231419555,fear,64.23776
track_319_sample_1_sec_1068_face0.jpg,ming,0.16122253799864483,happy,95.38928
track_95_sample_1_sec_406_face1.jpg,ming,0.12165218330582306,sad,99.875626
track_659_sample_2_sec_2911_face0.jpg,ming,0.14061270588964248,happy,40.098057
track_1040_sample_2_sec_4144_face1.jpg,ming,0.18875244527062007,angry,91.18575
track_671_sample_1_sec_2940_face0.jpg,ming,0.12157432764424847,sad,99.99051
track_1070_sample_3_sec_4216_face3.jpg,none,,neutral,43.64069
track_1033_sample_2_sec_4139_face3.jpg,ming,0.13817269514283814,sad,55.856503
track_1063_sample_3_sec_4216_face1.jpg,none,,fear,36.021866
track_1062_sample_1_sec_4198_face1.jpg,none,,fear,84.123276
track_1071_sample_1_sec_4198_face3.jpg,ming,0.2032043624816937,angry,91.09284
track_624_sample_3_sec_2783_face0.jpg,ming,0.2258224373342348,sad,99.97074
track_462_sample_2_sec_1733_face0.jpg,none,,fear,45.737305
track_693_sample_2_sec_3102_face0.jpg,ming,0.13436951883526493,angry,53.47479
track_274_sample_2_sec_758_face1.jpg,ming,0.13978476674286644,fear,70.3048
track_13_sample_1_sec_57_face0.jpg,ming,0.13861118522967342,fear,99.37027
track_642_sample_1_sec_2830_face0.jpg,ming,0.1884965475998459,angry,71.988396
track_126_sample_1_sec_471_face0.jpg,xiao,0.6671942818597566,neutral,72.66925
track_444_sample_2_sec_1610_face0.jpg,ming,0.17029079298363603,sad,67.15245
track_73_sample_2_sec_375_face0.jpg,ming,0.6222045723568077,angry,62.030945
track_586_sample_2_sec_2364_face0.jpg,ming,0.24483006461359735,angry,89.58072
track_219_sample_3_sec_707_face0.jpg,ming,0.13509811250772108,fear,80.62642
track_67_sample_3_sec_370_face0.jpg,ming,0.1411319802062968,neutral,99.99905
track_672_sample_2_sec_2943_face0.jpg,ming,0.13025860300019543,sad,64.77335
track_319_sample_3_sec_1143_face0.jpg,ming,0.36845954901600875,fear,93.44341
track_285_sample_3_sec_976_face0.jpg,ming,0.1329970313811163,neutral,54.493637
track_382_sample_2_sec_1120_face0.jpg,ming,0.2325191944389179,fear,93.237946
track_1076_sample_2_sec_4254_face0.jpg,xiao,0.4216982814374963,sad,47.344406
track_819_sample_1_sec_3687_face0.jpg,xiao,0.47495766793799465,sad,59.594864
track_557_sample_3_sec_2150_face0.jpg,ming,0.11958149454574896,neutral,55.561737
track_62_sample_3_sec_244_face0.jpg,ming,0.12416240147457647,sad,100.0
track_455_sample_3_sec_1734_face0.jpg,ming,0.37040492435993844,fear,98.50156
track_87_sample_2_sec_399_face0.jpg,ming,0.5556091101908416,sad,48.737427
track_1067_sample_1_sec_4198_face2.jpg,none,,fear,53.89709
track_1070_sample_2_sec_4207_face2.jpg,xiao,0.5543720380334559,surprise,78.04156
track_1063_sample_2_sec_4207_face0.jpg,none,,disgust,52.43027
track_1066_sample_3_sec_4216_face2.jpg,ming,0.12853328562658828,sad,99.97337
track_1063_sample_2_sec_4207_face1.jpg,ming,0.2056765550924351,neutral,95.85196
track_1070_sample_2_sec_4207_face3.jpg,xiao,0.6049465790507289,angry,53.82499
track_1067_sample_1_sec_4198_face3.jpg,xiao,0.6530464926252761,neutral,69.99288
track_949_sample_3_sec_3903_face0.jpg,ming,0.13366484284771818,fear,50.865177
track_697_sample_1_sec_3147_face0.jpg,ming,0.3980232899337377,fear,45.659077
track_158_sample_1_sec_487_face0.jpg,none,,neutral,37.645992
track_124_sample_2_sec_475_face0.jpg,none,,neutral,97.1583
track_1003_sample_3_sec_4033_face0.jpg,ming,0.12294525791725808,fear,99.99816
track_532_sample_2_sec_2077_face0.jpg,xiao,0.3269170099066956,sad,98.771286
track_8_sample_3_sec_52_face0.jpg,ming,0.36750784139303916,sad,65.66343
track_757_sample_1_sec_3508_face0.jpg,ming,0.13991890081102043,sad,99.96034
track_1058_sample_1_sec_4198_face2.jpg,ming,0.18669178932712793,neutral,51.96921
track_719_sample_2_sec_3211_face0.jpg,ming,0.13289970014396135,sad,57.492718
track_382_sample_2_sec_1120_face1.jpg,ming,0.14333966752980876,sad,56.026077
track_819_sample_3_sec_3706_face0.jpg,ming,0.1335013646693618,sad,78.33477
track_369_sample_1_sec_1100_face0.jpg,ming,0.12583997499667066,fear,58.044224
track_672_sample_2_sec_2943_face1.jpg,ming,0.3221010003159286,sad,38.519352
track_276_sample_1_sec_769_face0.jpg,ming,0.1422288343645115,sad,84.94953
track_274_sample_2_sec_758_face0.jpg,none,,neutral,85.31059
track_462_sample_2_sec_1733_face1.jpg,none,,neutral,94.02001
track_63_sample_3_sec_239_face0.jpg,ming,0.1333033188889028,neutral,99.98174
track_494_sample_3_sec_1912_face0.jpg,ming,0.14020374619153542,angry,48.8339
track_1071_sample_1_sec_4198_face2.jpg,ming,0.658330608333249,fear,77.08404
track_1062_sample_1_sec_4198_face0.jpg,xiao,0.550000114986958,sad,98.431595
track_1066_sample_2_sec_4207_face2.jpg,ming,0.1233267032513079,sad,99.97083
track_1063_sample_3_sec_4216_face0.jpg,ming,0.24634772578382524,sad,98.24178
track_1033_sample_2_sec_4139_face2.jpg,ming,0.17475926789770335,sad,56.55735
track_1070_sample_3_sec_4216_face2.jpg,ming,0.5757233321652584,neutral,48.300663
track_557_sample_1_sec_2130_face0.jpg,none,,happy,87.082016
track_98_sample_1_sec_418_face0.jpg,ming,0.13949597287934457,neutral,85.27194
track_1040_sample_2_sec_4144_face0.jpg,none,,angry,60.69114
track_697_sample_2_sec_3158_face0.jpg,ming,0.27239898081278,fear,66.506195
track_222_sample_2_sec_699_face0.jpg,ming,0.1289645724463233,fear,60.80893
track_972_sample_1_sec_3918_face0.jpg,ming,0.2332405551742862,sad,93.32156
track_735_sample_2_sec_3415_face0.jpg,none,,sad,40.9504
track_818_sample_2_sec_3713_face0.jpg,ming,0.13967845040128302,sad,99.957054
track_784_sample_3_sec_3648_face0.jpg,ming,0.11792974165811998,sad,55.299114
track_61_sample_1_sec_206_face0.jpg,ming,0.14472098828828428,sad,99.41844
track_461_sample_2_sec_1733_face0.jpg,xiao,0.6440051779691295,angry,54.74503
track_992_sample_1_sec_3996_face0.jpg,ming,0.14522931311149267,fear,99.92491
track_435_sample_3_sec_1431_face0.jpg,xiao,0.668198380605191,angry,89.84566
track_476_sample_2_sec_1833_face0.jpg,ming,0.1365218505588348,neutral,99.384026
track_465_sample_2_sec_1748_face0.jpg,ming,0.1536558945802956,happy,99.717735
track_319_sample_2_sec_1115_face0.jpg,ming,0.1294392873718061,fear,64.3562
track_1060_sample_3_sec_4216_face1.jpg,none,,neutral,43.7762
track_276_sample_3_sec_788_face0.jpg,ming,0.1479028521629584,sad,82.87043
track_672_sample_1_sec_2940_face0.jpg,ming,0.14284129802176515,sad,85.57907
track_223_sample_2_sec_696_face0.jpg,ming,0.14023499843752985,neutral,95.52504
track_599_sample_2_sec_2519_face0.jpg,ming,0.13759744743002478,sad,71.708855
track_1061_sample_1_sec_4198_face1.jpg,xiao,0.4665094755221969,sad,80.66057
track_1014_sample_3_sec_4059_face0.jpg,ming,0.1566391982685369,sad,96.45695
track_1003_sample_1_sec_4021_face0.jpg,none,,fear,73.80465
track_391_sample_1_sec_1211_face0.jpg,ming,0.3453299690187537,neutral,43.776287
track_702_sample_2_sec_3166_face0.jpg,ming,0.1492172324775316,happy,37.66841
track_456_sample_3_sec_1734_face0.jpg,none,,angry,71.43847
track_210_sample_1_sec_505_face1.jpg,ming,0.14441143866203854,happy,96.72486
track_95_sample_3_sec_416_face0.jpg,ming,0.12836668777403826,sad,90.16473
track_437_sample_1_sec_1548_face0.jpg,xiao,0.0,sad,96.71104
track_323_sample_1_sec_1074_face0.jpg,ming,0.12039803457984555,sad,99.51693
track_1065_sample_3_sec_4216_face2.jpg,none,,sad,83.55403
track_1060_sample_2_sec_4207_face0.jpg,none,,fear,55.54231
track_1035_sample_2_sec_4139_face0.jpg,none,,sad,54.879486
track_792_sample_3_sec_3669_face0.jpg,ming,0.13222850443200773,sad,85.457214
track_1073_sample_1_sec_4199_face0.jpg,ming,0.1344053921125261,fear,73.85516
track_747_sample_2_sec_3448_face0.jpg,ming,0.14746460831239083,neutral,56.944386
track_710_sample_3_sec_3176_face0.jpg,ming,0.1419526034242634,sad,61.89094
track_382_sample_1_sec_1116_face1.jpg,ming,0.13846194852048865,sad,54.17861
track_316_sample_1_sec_1066_face0.jpg,ming,0.13977786802073822,fear,81.9266
track_382_sample_1_sec_1116_face0.jpg,ming,0.19439810760152176,fear,99.72565
track_671_sample_3_sec_2946_face0.jpg,ming,0.420700932190626,sad,57.5551
track_55_sample_3_sec_170_face0.jpg,ming,0.12693857979276213,sad,99.99763
track_761_sample_2_sec_3530_face0.jpg,ming,0.12932993838150209,fear,98.1216
track_573_sample_1_sec_2253_face0.jpg,ming,0.14078743566045215,neutral,99.992096
track_1035_sample_2_sec_4139_face1.jpg,ming,0.19955728309624443,neutral,52.98964
track_1060_sample_2_sec_4207_face1.jpg,xiao,0.6789983304935168,neutral,93.178406
track_108_sample_1_sec_431_face0.jpg,ming,0.49193930182414747,angry,96.255684
track_95_sample_3_sec_416_face1.jpg,ming,0.12580887883984615,angry,71.950745
track_784_sample_1_sec_3628_face0.jpg,ming,0.1385276162473632,neutral,49.540005
track_210_sample_1_sec_505_face0.jpg,ming,0.5553855490546639,neutral,90.35602
track_148_sample_1_sec_483_face0.jpg,ming,0.13764156164770236,neutral,99.58558
track_459_sample_1_sec_1731_face0.jpg,ming,0.15417162781111915,neutral,97.133545
track_584_sample_2_sec_2333_face0.jpg,xiao,0.46181180290217205,sad,51.537716
track_1103_sample_3_sec_4308_face0.jpg,ming,0.13231585996263795,neutral,93.54557
track_1061_sample_1_sec_4198_face0.jpg,xiao,0.6017477283517032,sad,88.8899
track_599_sample_2_sec_2519_face1.jpg,ming,0.13714630271335182,surprise,46.916557
track_1060_sample_3_sec_4216_face0.jpg,none,,neutral,50.945274
track_1065_sample_2_sec_4207_face2.jpg,none,,sad,56.568157
track_507_sample_2_sec_1938_face0.jpg,ming,0.14809960131751243,sad,51.816357
track_98_sample_2_sec_422_face0.jpg,ming,0.12982940530466236,sad,42.235653
track_476_sample_2_sec_1833_face1.jpg,ming,0.1355177157579417,sad,60.436493
track_688_sample_1_sec_3032_face0.jpg,ming,0.12231367975121155,sad,37.158703
track_461_sample_2_sec_1733_face1.jpg,ming,0.13674022229572347,sad,91.602776
track_620_sample_1_sec_2680_face0.jpg,xiao,0.2454035856780128,neutral,56.91948
track_1_sample_3_sec_10_face0.jpg,ming,0.13918003638982634,sad,97.39413
track_463_sample_1_sec_1731_face0.jpg,ming,0.12619273269214748,fear,77.768196
track_412_sample_3_sec_1327_face0.jpg,ming,0.12973173908319302,sad,95.466774
track_5_sample_3_sec_33_face0.jpg,ming,0.14492854800063604,sad,94.26502
track_383_sample_3_sec_1163_face0.jpg,ming,0.5278785772998084,sad,77.74326
track_659_sample_1_sec_2906_face1.jpg,ming,0.15315034604930156,sad,59.95831
track_674_sample_1_sec_2948_face0.jpg,ming,0.1136141443921882,neutral,43.91798
track_907_sample_1_sec_3840_face0.jpg,ming,0.1446035080551129,fear,70.996994
track_1034_sample_1_sec_4133_face0.jpg,ming,0.6280979931295254,fear,84.57663
track_449_sample_2_sec_1674_face0.jpg,xiao,0.25331608572072706,neutral,96.40759
track_893_sample_1_sec_3835_face0.jpg,ming,0.13715464342627348,fear,74.181526
track_563_sample_3_sec_2274_face0.jpg,ming,0.10670680674355915,sad,89.00436
track_1109_sample_1_sec_4296_face0.jpg,ming,0.13613423126369006,neutral,99.72788
track_442_sample_3_sec_1599_face0.jpg,none,,neutral,63.70157
track_93_sample_2_sec_411_face0.jpg,ming,0.1350355355324745,sad,99.17046
track_443_sample_3_sec_1619_face1.jpg,ming,0.1404803352166788,sad,99.95658
track_339_sample_1_sec_1086_face0.jpg,ming,0.1293000236150601,angry,53.11611
track_1073_sample_3_sec_4216_face0.jpg,ming,0.14945305829185496,angry,50.010723
track_384_sample_1_sec_1198_face0.jpg,ming,0.13707296276578962,sad,94.53203
track_1060_sample_3_sec_4216_face2.jpg,xiao,0.6428807860611805,sad,42.97813
track_1065_sample_2_sec_4207_face0.jpg,none,,sad,53.42903
track_476_sample_3_sec_1841_face1.jpg,ming,0.14361376912536628,neutral,48.312397
track_562_sample_3_sec_2202_face0.jpg,ming,0.12982012970919377,neutral,71.50894
track_1003_sample_2_sec_4027_face0.jpg,none,,neutral,98.50647
track_554_sample_3_sec_2127_face0.jpg,none,,sad,98.47607
track_967_sample_3_sec_3940_face0.jpg,ming,0.6424743387265288,sad,71.57205
track_567_sample_2_sec_2245_face0.jpg,xiao,0.5158450164975346,sad,78.830124
track_534_sample_1_sec_2080_face0.jpg,ming,0.12949875554623747,neutral,75.32911
track_1064_sample_1_sec_4198_face1.jpg,xiao,0.6095623500036845,sad,99.00957
track_312_sample_3_sec_1064_face0.jpg,ming,0.47337270354743044,neutral,96.37454
track_339_sample_3_sec_1113_face1.jpg,ming,0.12778116518781557,sad,92.947975
track_801_sample_1_sec_3679_face0.jpg,ming,0.14342210484123186,sad,98.48542
track_573_sample_2_sec_2255_face1.jpg,ming,0.14563746476449047,neutral,57.037228
track_284_sample_3_sec_955_face0.jpg,ming,0.13428896250662525,sad,48.606133
track_1065_sample_3_sec_4216_face1.jpg,none,,angry,60.574375
track_159_sample_3_sec_490_face0.jpg,ming,0.13742334660743605,neutral,91.096565
track_964_sample_1_sec_3909_face0.jpg,ming,0.14301685758724902,neutral,46.19016
track_102_sample_3_sec_425_face0.jpg,ming,0.12359898120819801,fear,66.22361
track_535_sample_2_sec_2093_face0.jpg,xiao,0.5149941621864271,neutral,38.484585
track_178_sample_1_sec_492_face1.jpg,ming,0.13211068515952995,sad,58.835705
track_294_sample_1_sec_1051_face1.jpg,ming,0.1343360670813314,sad,83.85286
track_554_sample_1_sec_2108_face0.jpg,ming,0.28381724925873864,sad,67.405846
track_9_sample_1_sec_50_face0.jpg,ming,0.13802293435928514,sad,79.73932
track_631_sample_1_sec_2749_face0.jpg,ming,0.2046616095658782,sad,70.34398
track_63_sample_1_sec_229_face0.jpg,xiao,-2.220446049250313e-16,neutral,92.08369
track_1042_sample_2_sec_4145_face0.jpg,ming,0.15040014415418934,sad,99.767715
track_9_sample_1_sec_50_face1.jpg,ming,0.13625824118993446,angry,66.6581
track_294_sample_1_sec_1051_face0.jpg,ming,0.14251577084256495,neutral,70.878784
track_178_sample_1_sec_492_face0.jpg,ming,0.12515556929924165,fear,87.21444
track_631_sample_2_sec_2763_face0.jpg,ming,0.13213253968174266,angry,78.55402
track_1065_sample_3_sec_4216_face0.jpg,none,,neutral,93.13015
track_1060_sample_2_sec_4207_face2.jpg,none,,fear,54.654556
track_573_sample_2_sec_2255_face0.jpg,ming,0.13578671861983949,neutral,62.138992
track_801_sample_1_sec_3679_face1.jpg,ming,0.14188199241429478,sad,36.27304
track_339_sample_3_sec_1113_face0.jpg,ming,0.2792102039305764,happy,47.727543
track_1064_sample_1_sec_4198_face0.jpg,none,,fear,69.585686
track_563_sample_2_sec_2265_face0.jpg,ming,0.180923215006614,sad,97.32457
track_554_sample_3_sec_2127_face1.jpg,ming,0.19416285403458067,neutral,56.617317
track_312_sample_2_sec_1061_face0.jpg,none,,neutral,84.369026
track_1003_sample_2_sec_4027_face1.jpg,ming,0.14258364718765215,angry,86.613914
track_776_sample_1_sec_3561_face0.jpg,ming,0.14069532652784977,neutral,90.86001
track_305_sample_1_sec_1053_face0.jpg,ming,0.1146022575869804,sad,73.019485
track_476_sample_3_sec_1841_face0.jpg,ming,0.13998430609909196,angry,50.39662
track_1065_sample_2_sec_4207_face1.jpg,ming,0.6426655481968166,neutral,58.364784
track_443_sample_3_sec_1619_face0.jpg,ming,0.2095741835153474,neutral,97.41173
track_93_sample_2_sec_411_face1.jpg,ming,0.12338588650972937,sad,91.416374
track_522_sample_1_sec_2049_face0.jpg,ming,0.14272984923913712,neutral,56.92944
track_298_sample_1_sec_1052_face0.jpg,ming,0.13923798460797487,fear,81.63118
track_1034_sample_1_sec_4133_face1.jpg,ming,0.6166401514172446,happy,89.53808
track_313_sample_1_sec_1066_face0.jpg,ming,0.1405328979276056,fear,66.34199
track_520_sample_3_sec_2062_face0.jpg,ming,0.1388656510677857,neutral,51.834423
track_481_sample_1_sec_1843_face0.jpg,xiao,0.4987880344721385,neutral,97.4288
track_659_sample_1_sec_2906_face0.jpg,ming,0.14417749366052512,neutral,95.18738
track_634_sample_3_sec_2783_face0.jpg,ming,0.14193721303150986,happy,87.130714
track_94_sample_2_sec_411_face1.jpg,ming,0.12613840329732062,sad,99.999954
track_987_sample_2_sec_3987_face0.jpg,ming,0.13083537366758358,neutral,89.97262
track_275_sample_2_sec_764_face0.jpg,ming,0.12967379546060764,sad,89.43851
track_1033_sample_3_sec_4145_face0.jpg,ming,0.20836733639243954,neutral,93.34019
track_159_sample_2_sec_489_face0.jpg,ming,0.15237577653027357,sad,90.12094
track_959_sample_1_sec_3906_face0.jpg,ming,0.39446285936545034,sad,98.70549
track_797_sample_2_sec_3673_face0.jpg,ming,0.19583640103514743,neutral,95.242294
track_137_sample_1_sec_474_face0.jpg,ming,0.13368482983392682,sad,99.90607
track_153_sample_2_sec_488_face2.jpg,ming,0.1297760700648085,fear,99.02766
track_74_sample_1_sec_363_face0.jpg,ming,0.11528676022940565,neutral,76.40962
track_316_sample_3_sec_1086_face0.jpg,ming,0.13656448580198322,neutral,85.066864
track_498_sample_1_sec_1924_face0.jpg,ming,0.14448052816790535,sad,99.99215
track_869_sample_1_sec_3829_face0.jpg,ming,0.1381435022171239,neutral,54.147774
track_919_sample_2_sec_3856_face0.jpg,ming,0.13233481117451706,neutral,54.327477
track_677_sample_2_sec_2961_face0.jpg,none,,neutral,41.8847
track_1037_sample_3_sec_4144_face0.jpg,ming,0.1431061263216863,sad,66.54401
track_986_sample_3_sec_4005_face0.jpg,ming,0.12963382764777553,fear,94.75505
track_154_sample_3_sec_488_face0.jpg,ming,0.13832946861488804,fear,80.72766
track_449_sample_1_sec_1660_face1.jpg,ming,0.14070821533091027,neutral,49.8023
track_149_sample_2_sec_491_face0.jpg,ming,0.13234523848570345,sad,48.983223
track_106_sample_3_sec_435_face0.jpg,xiao,0.6169395083204343,neutral,99.31402
track_67_sample_1_sec_330_face0.jpg,ming,0.572001513336849,neutral,63.60972
track_405_sample_2_sec_1304_face0.jpg,ming,0.14040891292474345,neutral,69.065254
track_513_sample_3_sec_1998_face0.jpg,ming,0.14266039733575608,sad,82.80912
track_463_sample_3_sec_1734_face0.jpg,ming,0.1414838360862274,sad,80.24678
track_322_sample_2_sec_1075_face1.jpg,ming,0.14000568674387426,sad,99.94687
track_986_sample_1_sec_3980_face0.jpg,ming,0.1328486950243022,sad,90.03903
track_108_sample_3_sec_436_face0.jpg,xiao,0.6381177618552515,neutral,76.99816
track_87_sample_1_sec_390_face0.jpg,xiao,0.549057804947413,sad,52.091278
track_1058_sample_2_sec_4208_face0.jpg,none,,neutral,73.48275
track_586_sample_1_sec_2354_face0.jpg,ming,0.13255268108889162,sad,99.76841
track_441_sample_1_sec_1580_face0.jpg,ming,0.1420541334182438,happy,99.97244
track_1055_sample_2_sec_4207_face0.jpg,xiao,0.6382602160828572,fear,73.33822
track_88_sample_2_sec_393_face0.jpg,ming,0.14251115056700991,fear,92.2943
track_1013_sample_2_sec_4053_face0.jpg,ming,0.13413499148468755,sad,90.53914
track_218_sample_1_sec_694_face0.jpg,ming,0.15233446047520338,neutral,85.104164
track_532_sample_1_sec_2072_face0.jpg,ming,0.13497410770081097,neutral,72.07248
track_173_sample_1_sec_492_face0.jpg,ming,0.13479758042861034,fear,78.003784
track_1142_sample_3_sec_4399_face0.jpg,xiao,0.6596273478250798,sad,94.63985
track_511_sample_3_sec_1974_face0.jpg,xiao,0.4175139789605291,neutral,97.22291
track_519_sample_1_sec_2043_face0.jpg,ming,0.14077254253231408,neutral,91.19122
track_518_sample_1_sec_2021_face0.jpg,ming,0.14009884485645574,happy,97.95029
track_1007_sample_2_sec_4043_face0.jpg,ming,0.13487607576430594,sad,92.29639
track_744_sample_1_sec_3437_face0.jpg,ming,0.1491647569844441,sad,79.93386
track_1058_sample_2_sec_4208_face1.jpg,none,,fear,63.477215
track_87_sample_1_sec_390_face1.jpg,ming,0.1641410367955134,happy,99.99672
track_322_sample_2_sec_1075_face0.jpg,ming,0.13274819883255595,neutral,81.49854
track_105_sample_3_sec_425_face0.jpg,ming,0.1296543407993701,sad,57.55288
track_1021_sample_1_sec_4057_face0.jpg,ming,0.5315062476302418,sad,94.67231
track_298_sample_2_sec_1073_face0.jpg,ming,0.13771929394804638,fear,72.947655
track_732_sample_1_sec_3405_face0.jpg,xiao,0.3377063293219854,neutral,89.79988
track_724_sample_1_sec_3342_face0.jpg,ming,0.13889821073207786,sad,89.56892
track_726_sample_1_sec_3346_face0.jpg,none,,sad,85.749825
track_1054_sample_1_sec_4198_face0.jpg,xiao,0.5828388160242881,sad,98.78604
track_88_sample_3_sec_395_face0.jpg,ming,0.1332630567112134,sad,98.53354
track_986_sample_3_sec_4005_face1.jpg,ming,0.13267907382071675,fear,85.405495
track_57_sample_3_sec_189_face0.jpg,ming,0.1308899057335261,neutral,96.365524
track_449_sample_1_sec_1660_face0.jpg,ming,0.34199428672019416,neutral,45.992588
track_154_sample_3_sec_488_face1.jpg,ming,0.1460378744868569,sad,64.44068
track_1055_sample_3_sec_4216_face0.jpg,none,,sad,53.053017
track_781_sample_3_sec_3643_face0.jpg,ming,0.13558678325655216,neutral,85.991356
track_909_sample_3_sec_3863_face0.jpg,ming,0.14148259850061828,sad,50.229706
track_644_sample_1_sec_2841_face0.jpg,none,,neutral,97.3007
track_585_sample_3_sec_2352_face0.jpg,ming,0.1342379750366156,sad,53.788383
track_206_sample_1_sec_498_face0.jpg,ming,0.12436065492187798,sad,86.532585
track_492_sample_3_sec_1938_face0.jpg,ming,0.14286165907102755,sad,94.35255
track_275_sample_2_sec_764_face1.jpg,ming,0.13256577162474026,fear,90.41216
track_94_sample_2_sec_411_face0.jpg,ming,0.14018275042543338,fear,88.11185
track_1023_sample_3_sec_4068_face0.jpg,ming,0.14684324951707695,fear,46.189575
track_94_sample_2_sec_411_face2.jpg,ming,0.12624420268892256,sad,99.99955
track_385_sample_2_sec_1201_face0.jpg,ming,0.1386884407505965,sad,90.26682
track_509_sample_1_sec_1945_face0.jpg,xiao,0.24815459233324955,sad,48.201775
track_456_sample_1_sec_1731_face0.jpg,xiao,0.654020152125329,angry,72.067795
track_153_sample_2_sec_488_face1.jpg,ming,0.14212361091965675,neutral,97.19899
track_112_sample_3_sec_460_face0.jpg,ming,0.13128027456584046,sad,99.98703
track_427_sample_1_sec_1372_face0.jpg,ming,0.15523088357947645,angry,71.42948
track_692_sample_3_sec_3093_face0.jpg,ming,0.12381669480542745,angry,50.371914
track_932_sample_1_sec_3861_face1.jpg,ming,0.13498235966945316,angry,76.7042
track_679_sample_3_sec_2992_face0.jpg,xiao,0.673361349823516,neutral,82.48532
track_286_sample_3_sec_1036_face0.jpg,ming,0.14129190233240307,sad,91.01899
track_454_sample_2_sec_1750_face0.jpg,none,,neutral,47.857437
track_53_sample_3_sec_142_face0.jpg,xiao,0.4380514101196391,fear,59.945786
track_668_sample_2_sec_2943_face0.jpg,ming,0.13437356930265276,sad,56.097633
track_285_sample_2_sec_967_face0.jpg,ming,0.13018515740284164,neutral,74.75115
track_590_sample_2_sec_2401_face0.jpg,none,,neutral,96.26513
track_1116_sample_1_sec_4305_face0.jpg,ming,0.13621931218686012,sad,91.12022
track_996_sample_1_sec_4003_face0.jpg,ming,0.1372215019013403,neutral,62.4717
track_1142_sample_2_sec_4391_face0.jpg,ming,0.4729073261428627,sad,68.657646
track_112_sample_1_sec_440_face0.jpg,ming,0.13990718022745718,sad,98.72331
track_67_sample_2_sec_340_face0.jpg,none,,fear,67.50791
track_718_sample_1_sec_3199_face0.jpg,none,,sad,99.18032
track_733_sample_1_sec_3410_face0.jpg,ming,0.13243164098843008,sad,79.95352
track_65_sample_1_sec_237_face0.jpg,xiao,0.3781273829540055,neutral,96.57024
track_663_sample_2_sec_2912_face0.jpg,xiao,0.5303966388218093,neutral,51.575676
track_339_sample_2_sec_1104_face0.jpg,ming,0.13922823050026067,sad,100.0
track_276_sample_2_sec_779_face0.jpg,ming,0.14544961834904713,sad,91.335556
track_948_sample_2_sec_3892_face0.jpg,ming,0.14964919090076123,sad,87.944786
track_286_sample_2_sec_1027_face0.jpg,ming,0.14395403896785364,sad,81.285965
track_1058_sample_2_sec_4208_face2.jpg,ming,0.14897470846845928,neutral,67.78885
track_727_sample_3_sec_3368_face0.jpg,ming,0.45279428179469317,angry,94.235596
track_749_sample_3_sec_3460_face0.jpg,ming,0.13476085876634825,fear,99.32489
track_482_sample_1_sec_1878_face0.jpg,ming,0.1373752835093497,neutral,48.727833
track_445_sample_1_sec_1614_face0.jpg,none,,neutral,81.43034
track_124_sample_1_sec_471_face0.jpg,xiao,0.5553019162706003,neutral,63.06045
track_668_sample_2_sec_2943_face1.jpg,ming,0.13138385937133235,sad,44.55773
track_553_sample_2_sec_2118_face0.jpg,ming,0.18265458429588532,sad,98.99033
track_590_sample_3_sec_2410_face0.jpg,xiao,0.6799563199443359,sad,33.813457
track_932_sample_1_sec_3861_face0.jpg,ming,0.1256564850064923,sad,92.06002
track_8_sample_2_sec_50_face0.jpg,ming,0.13984476525565226,sad,65.627655
track_1140_sample_1_sec_4362_face0.jpg,ming,0.1319455748621403,sad,96.28772
track_1020_sample_1_sec_4056_face0.jpg,ming,0.37156737551441055,fear,65.61326
track_110_sample_2_sec_465_face0.jpg,xiao,0.6001829873471268,neutral,96.87329
track_136_sample_2_sec_485_face0.jpg,ming,0.1528511625017389,sad,75.6566
track_693_sample_1_sec_3085_face0.jpg,ming,0.13745232443237687,neutral,66.40501
track_449_sample_3_sec_1704_face0.jpg,xiao,0.26017071990285423,neutral,88.5545
track_153_sample_2_sec_488_face0.jpg,xiao,0.6108984074205706,neutral,45.519474
track_909_sample_1_sec_3841_face0.jpg,ming,0.14213219616896666,sad,91.119095
track_493_sample_1_sec_1902_face0.jpg,ming,0.14718466114996054,neutral,74.810555
track_459_sample_3_sec_1734_face0.jpg,ming,0.15234610625717138,neutral,68.834785
track_681_sample_3_sec_2995_face0.jpg,xiao,0.5004842173735462,sad,98.3878
track_105_sample_1_sec_423_face0.jpg,ming,0.13999232461239608,fear,91.910614
track_1035_sample_1_sec_4133_face0.jpg,xiao,0.624311560145448,neutral,99.60518
track_905_sample_3_sec_3873_face0.jpg,ming,0.13897469277824093,fear,89.20437
track_663_sample_1_sec_2907_face0.jpg,xiao,0.39796817932114914,neutral,87.428764
track_480_sample_1_sec_1843_face1.jpg,xiao,0.4983875027664665,neutral,79.56131
track_462_sample_1_sec_1731_face0.jpg,xiao,0.6600848520429652,neutral,86.66454
track_1007_sample_3_sec_4055_face1.jpg,ming,0.12451054312657517,neutral,60.621513
track_1022_sample_1_sec_4058_face0.jpg,ming,0.13469856732154573,sad,98.235016
track_1032_sample_2_sec_4125_face0.jpg,ming,0.5585425798967986,fear,39.164734
track_871_sample_1_sec_3829_face0.jpg,ming,0.13921258945309323,fear,29.281742
track_990_sample_1_sec_3987_face0.jpg,ming,0.13763519664469226,angry,55.515915
track_1060_sample_1_sec_4198_face2.jpg,xiao,0.6468373818118538,angry,75.785576
track_89_sample_2_sec_393_face0.jpg,ming,0.5418489784053522,sad,61.76499
track_949_sample_2_sec_3894_face0.jpg,ming,0.129808070524703,neutral,41.05621
track_1064_sample_2_sec_4207_face0.jpg,none,,fear,47.503098
track_1072_sample_3_sec_4216_face0.jpg,none,,sad,52.156403
track_385_sample_1_sec_1198_face0.jpg,ming,0.1320101493906567,fear,81.389854
track_664_sample_3_sec_2935_face0.jpg,ming,0.12568504120128987,happy,97.38081
track_153_sample_3_sec_490_face1.jpg,ming,0.13021143662834223,neutral,44.890385
track_93_sample_3_sec_416_face2.jpg,ming,0.13341140763078485,sad,81.87159
track_96_sample_1_sec_406_face1.jpg,ming,0.4510866069826701,neutral,84.91546
track_95_sample_2_sec_411_face1.jpg,ming,0.14562220763450862,angry,99.27063
track_1064_sample_3_sec_4216_face1.jpg,ming,0.38975193248794493,neutral,63.547672
track_428_sample_2_sec_1384_face0.jpg,ming,0.14753276746223287,angry,87.84368
track_158_sample_2_sec_489_face0.jpg,none,,angry,36.392265
track_620_sample_2_sec_2687_face0.jpg,xiao,0.2756750736077226,sad,56.405003
track_1065_sample_1_sec_4198_face1.jpg,none,,angry,30.972454
track_136_sample_1_sec_474_face0.jpg,ming,0.11855066045525464,sad,99.950096
track_734_sample_3_sec_3428_face0.jpg,xiao,0.6553848838671672,fear,82.57065
track_728_sample_3_sec_3369_face0.jpg,ming,0.13366460764705423,sad,53.754845
track_465_sample_1_sec_1738_face0.jpg,ming,0.13482399441842352,angry,76.517624
track_843_sample_1_sec_3744_face0.jpg,ming,0.13605882952093662,sad,99.99449
track_443_sample_2_sec_1610_face0.jpg,ming,0.15738189291473215,sad,57.031452
track_89_sample_3_sec_395_face1.jpg,ming,0.14729470888674367,happy,99.99981
track_148_sample_2_sec_491_face0.jpg,ming,0.1463572980908031,neutral,54.174866
track_89_sample_3_sec_395_face0.jpg,ming,0.6008528586251665,sad,60.50858
track_295_sample_1_sec_1051_face0.jpg,ming,0.14068503560552448,neutral,87.24482
track_168_sample_1_sec_492_face0.jpg,ming,0.12630894076303867,sad,99.96544
track_442_sample_2_sec_1590_face0.jpg,ming,0.25502541064579254,sad,46.262386
track_443_sample_2_sec_1610_face1.jpg,none,,neutral,89.51859
track_688_sample_2_sec_3042_face0.jpg,ming,0.13889244297067094,angry,62.276848
track_799_sample_1_sec_3678_face0.jpg,ming,0.1433319457237524,sad,45.048527
track_31_sample_1_sec_135_face0.jpg,ming,0.12292007416976969,fear,69.209435
track_1065_sample_1_sec_4198_face0.jpg,none,,fear,47.045414
track_867_sample_1_sec_3829_face0.jpg,ming,0.13373508321729,neutral,85.63853
track_421_sample_2_sec_1362_face0.jpg,ming,0.5415300162426806,sad,73.68664
track_1018_sample_1_sec_4055_face0.jpg,ming,0.13698188954111923,fear,78.36277
track_110_sample_3_sec_469_face0.jpg,ming,0.41965599839606427,sad,80.27699
track_141_sample_1_sec_476_face1.jpg,ming,0.1355812354479169,happy,97.353264
track_95_sample_2_sec_411_face0.jpg,ming,0.13370372238662798,sad,91.20765
track_1064_sample_3_sec_4216_face0.jpg,none,,angry,70.162636
track_875_sample_3_sec_3848_face0.jpg,ming,0.1318324744057522,neutral,52.37785
track_96_sample_1_sec_406_face0.jpg,ming,0.11745697439234848,sad,97.03927
track_93_sample_3_sec_416_face3.jpg,ming,0.1363479416916331,sad,99.76883
track_81_sample_1_sec_367_face0.jpg,ming,0.12649148883880335,fear,93.95424
track_84_sample_2_sec_380_face0.jpg,ming,0.16643323065252047,neutral,99.27479
track_281_sample_2_sec_939_face0.jpg,ming,0.2517345796746099,sad,76.18334
track_153_sample_3_sec_490_face0.jpg,xiao,0.5438883678755766,neutral,52.962357
track_756_sample_2_sec_3506_face0.jpg,ming,0.14325764563109245,neutral,89.6725
track_558_sample_1_sec_2132_face0.jpg,ming,0.1353688096179413,sad,80.91961
track_27_sample_2_sec_132_face0.jpg,ming,0.13834948544901127,sad,94.0951
track_477_sample_3_sec_1841_face0.jpg,ming,0.14603370683389238,sad,67.37946
track_1064_sample_2_sec_4207_face1.jpg,ming,0.5560033129287725,sad,86.0772
track_1138_sample_2_sec_4363_face0.jpg,ming,0.1473396863511317,sad,99.35508
track_89_sample_2_sec_393_face1.jpg,ming,0.14732317035105313,neutral,52.79222
track_12_sample_1_sec_56_face0.jpg,xiao,0.3461126431599836,neutral,53.19383
track_498_sample_2_sec_1928_face0.jpg,ming,0.2461456229236838,neutral,79.47173
track_414_sample_1_sec_1334_face0.jpg,ming,0.12898007030969816,angry,99.38238
track_462_sample_1_sec_1731_face1.jpg,none,,neutral,99.854355
track_1007_sample_3_sec_4055_face0.jpg,none,,neutral,72.21564
track_480_sample_1_sec_1843_face0.jpg,ming,0.15241212415482663,sad,53.69773
track_106_sample_1_sec_427_face0.jpg,none,,neutral,55.785
track_105_sample_2_sec_424_face0.jpg,ming,0.13484950290246422,sad,54.329704
track_521_sample_3_sec_2062_face0.jpg,ming,0.13328785109246755,sad,98.10599
track_760_sample_2_sec_3529_face0.jpg,ming,0.14262236512660742,neutral,82.889854
track_97_sample_1_sec_418_face0.jpg,ming,0.1368835839092828,happy,78.28362
track_932_sample_3_sec_3880_face0.jpg,ming,0.1289834411301335,neutral,92.00502
track_477_sample_2_sec_1833_face0.jpg,ming,0.12404865776552598,sad,63.648224
track_385_sample_3_sec_1203_face0.jpg,ming,0.1305876266922399,neutral,70.4418
track_1007_sample_3_sec_4055_face2.jpg,ming,0.1272503514452734,sad,90.27378
track_460_sample_2_sec_1733_face0.jpg,ming,0.14073809936594583,surprise,96.298676
track_664_sample_1_sec_2917_face0.jpg,ming,0.12708150645687566,sad,89.52007
track_391_sample_3_sec_1232_face0.jpg,ming,0.14114230397308136,sad,70.52592
track_1060_sample_1_sec_4198_face1.jpg,none,,fear,51.90869
track_726_sample_2_sec_3347_face0.jpg,xiao,0.6614214125425757,neutral,34.485825
track_584_sample_3_sec_2340_face0.jpg,xiao,0.4532871693272874,sad,99.21105
track_1061_sample_3_sec_4216_face1.jpg,xiao,0.45870901639516004,angry,72.53612
track_761_sample_3_sec_3539_face0.jpg,ming,0.13841225446694472,sad,79.40965
track_813_sample_3_sec_3725_face0.jpg,ming,0.1357709140334309,fear,70.29425
track_93_sample_3_sec_416_face1.jpg,ming,0.1283221758227835,fear,82.91229
track_1061_sample_2_sec_4207_face0.jpg,xiao,0.5939326602497549,sad,44.97613
track_735_sample_1_sec_3412_face0.jpg,none,,angry,69.51987
track_1065_sample_1_sec_4198_face2.jpg,ming,0.6281605021580421,sad,63.295895
track_322_sample_1_sec_1074_face0.jpg,ming,0.13660535191445533,sad,78.49218
track_570_sample_3_sec_2259_face0.jpg,xiao,0.4423400304955857,sad,33.70155
track_874_sample_1_sec_3829_face0.jpg,ming,0.12713351781760152,neutral,84.93831
track_457_sample_3_sec_1734_face0.jpg,none,,neutral,72.23633
track_718_sample_3_sec_3208_face0.jpg,ming,0.10960699375621596,sad,98.77779
track_281_sample_3_sec_948_face0.jpg,ming,0.16955247136716645,neutral,92.794
track_638_sample_1_sec_2805_face0.jpg,ming,0.14642613568453733,sad,99.16069
track_127_sample_1_sec_472_face1.jpg,ming,0.1426135707091707,fear,94.03444
track_523_sample_1_sec_2050_face1.jpg,ming,0.1370765514075718,sad,96.70207
track_567_sample_3_sec_2255_face1.jpg,ming,0.1424901574802564,neutral,99.8689
track_1034_sample_2_sec_4143_face0.jpg,ming,0.1430723013631755,happy,88.27389
track_979_sample_2_sec_3952_face0.jpg,ming,0.65834868931014,angry,33.592373
track_218_sample_2_sec_699_face0.jpg,ming,0.6408582959382048,neutral,93.445656
track_725_sample_1_sec_3344_face0.jpg,ming,0.1796532961791878,neutral,70.814896
track_435_sample_1_sec_1412_face0.jpg,ming,0.2636242800718639,angry,58.403038
track_1072_sample_1_sec_4199_face0.jpg,none,,neutral,82.0368
track_511_sample_1_sec_1970_face0.jpg,xiao,0.41518193987987106,neutral,91.07832
track_575_sample_3_sec_2261_face0.jpg,ming,0.3911554932816149,sad,63.869846
track_1036_sample_3_sec_4142_face0.jpg,ming,0.13897971027934042,sad,98.44029
track_445_sample_3_sec_1667_face0.jpg,ming,0.2227815553171244,angry,81.69545
track_102_sample_2_sec_422_face0.jpg,ming,0.12115953713275929,sad,99.995964
track_133_sample_2_sec_476_face0.jpg,xiao,0.41113261930950973,neutral,66.130035
track_585_sample_1_sec_2342_face0.jpg,ming,0.6344735725709377,neutral,75.32734
track_567_sample_3_sec_2255_face0.jpg,xiao,0.3901734971009668,neutral,71.39973
track_458_sample_1_sec_1731_face0.jpg,ming,0.140688857348077,neutral,60.6099
track_734_sample_2_sec_3420_face0.jpg,xiao,0.5991072251609695,neutral,96.46905
track_127_sample_1_sec_472_face0.jpg,ming,0.20190671684383732,sad,90.480576
track_523_sample_1_sec_2050_face0.jpg,ming,0.13469329996490276,sad,53.616207
track_412_sample_2_sec_1323_face0.jpg,ming,0.128278558050677,sad,98.28156
track_1061_sample_2_sec_4207_face1.jpg,xiao,0.6208174421245836,fear,82.41809
track_93_sample_3_sec_416_face0.jpg,ming,0.13822670002787507,sad,83.67142
track_959_sample_3_sec_3923_face0.jpg,ming,0.13665034181532554,sad,42.126022
track_434_sample_3_sec_1410_face0.jpg,ming,0.14983733833184854,neutral,76.216125
track_216_sample_3_sec_707_face0.jpg,ming,0.1433040779111634,neutral,45.305084
track_1061_sample_3_sec_4216_face0.jpg,ming,0.5159616410880685,neutral,64.43926
track_870_sample_3_sec_3848_face0.jpg,ming,0.1238891396994064,neutral,99.95783
track_506_sample_2_sec_1938_face0.jpg,ming,0.15264268821252758,neutral,45.593773
track_677_sample_1_sec_2960_face0.jpg,ming,0.1450050804487556,happy,64.39609
track_447_sample_2_sec_1653_face0.jpg,none,,neutral,98.380264
track_431_sample_1_sec_1389_face0.jpg,ming,0.29062617674174795,neutral,79.80033
track_682_sample_1_sec_2980_face0.jpg,ming,0.3598040331866026,fear,81.51848
track_1060_sample_1_sec_4198_face0.jpg,none,,fear,86.20505
track_792_sample_2_sec_3660_face0.jpg,ming,0.13620821041546682,sad,61.01101
track_1013_sample_1_sec_4046_face0.jpg,ming,0.13018746702754513,sad,95.39663
track_1011_sample_1_sec_4042_face0.jpg,ming,0.1342949356691695,sad,90.57599
track_520_sample_2_sec_2053_face0.jpg,ming,0.13414819838282654,sad,49.272926
track_477_sample_2_sec_1833_face1.jpg,ming,0.13998478654355329,neutral,71.93016
track_703_sample_1_sec_3158_face0.jpg,ming,0.13168828915778497,neutral,64.67382
track_932_sample_3_sec_3880_face1.jpg,ming,0.13102719639419813,sad,99.73675
track_211_sample_3_sec_554_face0.jpg,ming,0.1372051905092898,sad,97.139984
track_735_sample_3_sec_3417_face0.jpg,none,,sad,57.66718
track_57_sample_1_sec_161_face0.jpg,ming,0.14584045691038305,neutral,83.49955
track_457_sample_1_sec_1731_face0.jpg,none,,neutral,87.77388
track_94_sample_3_sec_416_face0.jpg,ming,0.13129897528471568,sad,73.243
track_1108_sample_3_sec_4305_face0.jpg,ming,0.13660516370308196,sad,79.10845
track_384_sample_2_sec_1201_face0.jpg,ming,0.13258579126279957,sad,94.70354
track_118_sample_2_sec_466_face0.jpg,ming,0.5535677436735342,happy,91.584915
track_647_sample_1_sec_2869_face0.jpg,none,,neutral,98.07652
track_268_sample_1_sec_707_face0.jpg,ming,0.1350554188075852,sad,94.19699
track_274_sample_1_sec_749_face2.jpg,ming,0.13557033489933146,sad,51.029587
track_681_sample_2_sec_2988_face0.jpg,xiao,0.5392635660601484,sad,63.284126
track_996_sample_2_sec_4004_face0.jpg,ming,0.13516603579422237,sad,76.95355
track_1018_sample_3_sec_4068_face0.jpg,ming,0.16926121413671957,happy,99.973404
track_161_sample_1_sec_488_face0.jpg,xiao,0.6100936799849391,angry,44.678177
track_948_sample_3_sec_3900_face0.jpg,ming,0.13549521132814324,sad,70.75531
track_134_sample_2_sec_476_face0.jpg,xiao,0.4275760753097728,neutral,96.95663
track_602_sample_2_sec_2513_face0.jpg,xiao,0.6706133478753551,neutral,98.5495
track_1042_sample_1_sec_4144_face0.jpg,ming,0.1452256909373505,neutral,47.37314
track_212_sample_2_sec_580_face0.jpg,ming,0.4937982520736588,neutral,54.509735
track_604_sample_2_sec_2516_face0.jpg,none,,sad,70.08562
track_467_sample_3_sec_1793_face0.jpg,ming,0.1319836594611411,neutral,68.33217
track_997_sample_1_sec_4003_face0.jpg,ming,0.14712817291624536,neutral,39.789467
track_710_sample_2_sec_3174_face0.jpg,ming,0.13912521575979897,sad,88.43465
track_427_sample_3_sec_1398_face0.jpg,ming,0.5061164557097965,neutral,98.71314
track_223_sample_3_sec_697_face0.jpg,ming,0.14486930778341178,sad,73.97307
track_532_sample_3_sec_2081_face0.jpg,ming,0.12506535167876198,sad,84.489
track_89_sample_1_sec_392_face0.jpg,xiao,0.6118368128737113,fear,57.55345
track_518_sample_3_sec_2040_face0.jpg,ming,0.14598158939628125,fear,71.59814
track_89_sample_1_sec_392_face1.jpg,ming,0.1413742241223318,fear,93.75347
track_292_sample_2_sec_1074_face0.jpg,ming,0.1246124244235266,sad,100.0
track_622_sample_1_sec_2715_face0.jpg,ming,0.14332112748187698,sad,94.281685
track_997_sample_1_sec_4003_face1.jpg,ming,0.13679897766603089,fear,96.5882
track_602_sample_2_sec_2513_face1.jpg,ming,0.1347813935354376,sad,99.87711
track_1076_sample_1_sec_4244_face0.jpg,xiao,0.5718340465122868,fear,87.82619
track_819_sample_2_sec_3697_face0.jpg,ming,0.1980804499035923,neutral,59.165592
track_161_sample_1_sec_488_face1.jpg,ming,0.13642687503712858,sad,41.86158
track_534_sample_2_sec_2081_face0.jpg,ming,0.1405428918925492,sad,99.89014
track_444_sample_1_sec_1600_face0.jpg,xiao,0.5545097345335817,sad,42.092865
track_827_sample_3_sec_3711_face0.jpg,ming,0.12575429389894266,sad,85.49448
track_647_sample_1_sec_2869_face1.jpg,ming,0.15587627138892302,sad,99.36397
track_977_sample_2_sec_3930_face0.jpg,ming,0.12869987382047499,fear,96.44523
track_1007_sample_1_sec_4033_face0.jpg,none,,angry,76.69256
track_273_sample_1_sec_721_face0.jpg,ming,0.13749678274574717,fear,70.80989
track_492_sample_1_sec_1902_face0.jpg,ming,0.1318272912497983,fear,72.12905
track_670_sample_2_sec_2932_face0.jpg,ming,0.19766478987892278,neutral,93.60886
track_458_sample_3_sec_1734_face0.jpg,ming,0.21319364351702186,neutral,43.29688
track_94_sample_3_sec_416_face1.jpg,ming,0.13586520086763354,sad,99.95721
track_801_sample_3_sec_3681_face0.jpg,ming,0.15211885854628482,angry,63.84091
track_383_sample_2_sec_1137_face0.jpg,ming,0.0,fear,94.505875
track_384_sample_3_sec_1204_face0.jpg,ming,0.13753376872335177,sad,99.77849
track_1005_sample_3_sec_4062_face0.jpg,ming,0.13343964780238848,neutral,89.80928
track_149_sample_1_sec_483_face0.jpg,ming,0.13828262903431787,sad,98.38264
track_517_sample_1_sec_2007_face0.jpg,xiao,0.44026163737321344,fear,89.310555
track_531_sample_2_sec_2069_face0.jpg,ming,0.1415882595626663,sad,58.370853
track_426_sample_2_sec_1374_face0.jpg,ming,0.1355609476105385,neutral,99.39668
track_489_sample_3_sec_1941_face0.jpg,ming,0.1358016405844623,neutral,66.038284
track_441_sample_2_sec_1587_face0.jpg,ming,0.12664948344232163,fear,81.523285
track_521_sample_2_sec_2059_face0.jpg,ming,0.1449451293720886,sad,70.24441
track_455_sample_2_sec_1733_face0.jpg,ming,0.3167333750952328,fear,71.672134
track_431_sample_2_sec_1390_face0.jpg,ming,0.30965459749148894,neutral,75.15376
track_389_sample_1_sec_1208_face0.jpg,ming,0.13951155046488162,angry,58.476864
track_2_sample_3_sec_70_face0.jpg,xiao,-2.220446049250313e-16,neutral,73.75604
track_584_sample_1_sec_2326_face0.jpg,xiao,0.4391576703405088,fear,77.28347
track_158_sample_3_sec_490_face0.jpg,xiao,0.6504656399009175,angry,47.28202
track_693_sample_3_sec_3111_face0.jpg,ming,0.13420489280691406,neutral,47.147938
track_23_sample_3_sec_124_face0.jpg,ming,0.13886955137424462,neutral,96.14437
track_274_sample_1_sec_749_face1.jpg,ming,0.12633079249786128,neutral,94.02129
track_679_sample_1_sec_2961_face0.jpg,ming,0.478175678044921,angry,94.20673
track_156_sample_3_sec_487_face0.jpg,ming,0.15952652609534146,neutral,51.634525
track_154_sample_1_sec_485_face0.jpg,ming,0.1398496150372518,sad,99.62669
track_212_sample_1_sec_576_face0.jpg,ming,0.6445185051319069,fear,97.1402
track_84_sample_1_sec_370_face0.jpg,ming,0.1167183585495487,sad,99.99996
track_672_sample_3_sec_2944_face0.jpg,none,,fear,67.66331
track_971_sample_2_sec_3919_face0.jpg,ming,0.1491326849779151,sad,85.34133
track_1054_sample_2_sec_4207_face0.jpg,xiao,0.64570585300048,sad,91.35804
track_427_sample_2_sec_1378_face0.jpg,ming,0.2889139976108869,neutral,77.13923
track_1127_sample_1_sec_4322_face0.jpg,ming,0.1404193345223167,fear,63.89617
track_987_sample_1_sec_3980_face0.jpg,ming,0.12812975795512216,neutral,46.477253
track_536_sample_3_sec_2102_face0.jpg,ming,0.6605126349864131,neutral,97.60308
track_462_sample_3_sec_1734_face0.jpg,none,,sad,54.931942
track_512_sample_3_sec_1998_face0.jpg,ming,-2.220446049250313e-16,neutral,46.30168
track_868_sample_3_sec_3868_face0.jpg,ming,0.1327235373989264,sad,85.30775
track_484_sample_1_sec_1880_face0.jpg,none,,fear,47.21919
track_967_sample_2_sec_3938_face0.jpg,xiao,0.6721399097287799,angry,51.421913
track_521_sample_1_sec_2046_face0.jpg,ming,0.13759844453574932,neutral,93.649704
track_53_sample_1_sec_138_face0.jpg,ming,0.1328276950852606,sad,98.86119
track_710_sample_1_sec_3172_face0.jpg,ming,0.14282847640940055,happy,51.561123
track_36_sample_1_sec_135_face0.jpg,ming,0.12457599577693734,fear,69.81604
track_1105_sample_1_sec_4292_face0.jpg,ming,0.1291286621092852,sad,56.966637
track_103_sample_2_sec_423_face0.jpg,ming,0.13384989677467696,neutral,97.11053
track_383_sample_1_sec_1125_face0.jpg,ming,0.5688955675700209,fear,48.74658
track_710_sample_1_sec_3172_face1.jpg,ming,0.14183611110071026,fear,58.1825
track_997_sample_1_sec_4003_face2.jpg,ming,0.13762333124284387,sad,94.038536
track_590_sample_1_sec_2391_face0.jpg,ming,0.14955548609011637,angry,69.749275
track_563_sample_1_sec_2232_face0.jpg,xiao,0.3218609162796653,fear,91.82491
track_650_sample_3_sec_2915_face0.jpg,ming,0.12124261422795579,sad,98.49134
track_1006_sample_2_sec_4039_face0.jpg,none,,fear,98.33974
track_436_sample_3_sec_1575_face0.jpg,ming,0.5719346231787105,sad,63.375526
track_536_sample_1_sec_2083_face0.jpg,ming,0.6402421272071291,neutral,89.73192
track_462_sample_3_sec_1734_face1.jpg,none,,neutral,97.75667
track_110_sample_1_sec_438_face0.jpg,ming,0.1114509687070786,sad,58.919415
track_727_sample_2_sec_3359_face0.jpg,ming,0.4326881097620895,neutral,67.14637
track_749_sample_2_sec_3451_face0.jpg,ming,0.14213035693820564,sad,64.9692
track_642_sample_2_sec_2839_face0.jpg,ming,0.615371642679768,neutral,98.262726
track_512_sample_2_sec_1989_face0.jpg,ming,0.4067297099543895,happy,99.88702
track_984_sample_1_sec_3960_face0.jpg,ming,0.27171660370433737,sad,75.85797
track_274_sample_1_sec_749_face0.jpg,none,,neutral,89.536995
track_23_sample_3_sec_124_face1.jpg,ming,0.13746956875174388,fear,85.02094
track_1054_sample_3_sec_4216_face0.jpg,xiao,0.563295494370579,sad,84.81223
track_1055_sample_1_sec_4198_face0.jpg,none,,sad,75.31788
track_1022_sample_3_sec_4068_face0.jpg,ming,0.12155098458947633,sad,100.0
track_454_sample_3_sec_1754_face0.jpg,ming,0.2890643270735854,neutral,99.887985
track_94_sample_3_sec_416_face2.jpg,ming,0.12472866645828651,sad,99.895294
track_175_sample_1_sec_492_face0.jpg,ming,0.13320551745215603,sad,97.514725
track_434_sample_2_sec_1407_face0.jpg,ming,0.3343066290360681,neutral,97.143036
track_709_sample_2_sec_3172_face0.jpg,ming,0.23908005149943878,neutral,88.00304
track_127_sample_2_sec_473_face0.jpg,ming,0.13419558862004555,fear,44.440567
